mname,abs_cap,gate,gate_th,max_scale,full_score,full_mean,full_std,full_sharpe,full_worst,full_q05,test_score,train_score,roll_mean,roll_median,roll_min,roll_neg_count
all,999.0,0,0.0,1.5,821.6299861418006,912.0882568551991,4785.120388970964,3.013797025256637,-12494.702602799982,-6782.02931528007,787.453137019359,844.0848534410059,435.319757035365,467.6300572855384,-289.2293210659991,3
all,999.0,20,0.0,1.5,610.9072590422738,710.2665369663961,4529.058485732797,2.479610287314034,-12494.702602799982,-6753.87384563008,555.4569097763688,647.78053849298,381.7695653505977,219.11662010538973,0.03247687050060058,0
all,999.0,20,-250.0,1.5,677.7304439283326,775.7193864759989,4663.743832725786,2.629904401266033,-12494.702602799982,-6782.02931528007,717.8549118665929,650.833513255309,335.29993451729916,223.56837849719184,-243.43351677199593,4
all,999.0,40,0.0,1.5,788.6445376985632,879.2450424711993,4711.992509955135,2.9503622403327476,-12494.702602799982,-6782.02931528007,698.4364255906543,848.172171023582,443.1929425585478,383.0451097943775,-242.28875064999912,4
all,999.0,40,-250.0,1.5,836.9504361124522,926.0448240063992,4777.242829230241,3.0649591866589816,-12494.702602799982,-6782.02931528007,787.453137019359,869.5777568617418,448.5063729776782,507.41442282360066,-245.6209009720001,3
all,999.0,40,-500.0,1.5,821.6299861418006,912.0882568551991,4785.120388970964,3.013797025256637,-12494.702602799982,-6782.02931528007,787.453137019359,844.0848534410059,495.3073060337736,467.6300572855384,-213.02563764999854,1
all,0.01,0,0.0,1.5,476.41406842654476,534.9874956247994,2966.00353783935,2.851950417962321,-11820.792395800003,-3039.632369799941,341.69505460989654,563.7757893654159,255.66302640429612,341.69505460989654,-340.55680120400154,4
all,0.01,20,0.0,1.5,358.1087014558554,418.15442667599876,2707.324499641713,2.4421165659177966,-11820.792395800003,-1939.2580022799432,280.2701381730943,409.20299180208804,200.4858591809408,280.2701381730943,-177.82647544400265,4
all,0.01,20,-250.0,1.5,414.1879025004836,473.80513236800135,2842.215191569953,2.63580215496075,-11820.792395800003,-2856.3928580299657,388.17695852768384,431.5042859500704,189.59681333696665,348.20837949246055,-296.42128064599933,5
all,0.01,40,0.0,1.5,489.506676339136,546.3038800863998,2942.3101987596106,2.9357281166153326,-11820.792395800003,-3028.596801369963,343.00190254173606,584.3328616562194,250.80669184828346,343.00190254173606,-230.90596101800293,5
all,0.01,40,-250.0,1.5,476.41406842654476,534.9874956247994,2966.00353783935,2.851950417962321,-11820.792395800003,-3039.632369799941,341.69505460989654,563.7757893654159,220.69145354245418,341.69505460989654,-291.40955785200117,5
all,0.01,40,-500.0,1.5,476.41406842654476,534.9874956247994,2966.00353783935,2.851950417962321,-11820.792395800003,-3039.632369799941,341.69505460989654,563.7757893654159,312.09142734569144,341.69505460989654,-153.10044342600148,3
all,0.0125,0,0.0,1.5,617.9458796682213,675.329725484801,3253.909542644754,3.28156034480978,-11820.792395800003,-3776.027791529888,413.2569037357456,751.2270811007342,409.7736754707964,342.5619706677159,-41.99753432599732,1
all,0.0125,20,0.0,1.5,525.2016906504375,581.2485600232012,3002.233842092148,3.0611695041808016,-11820.792395800003,-3028.596801369963,334.75122019092925,648.7418227919004,327.6827292630638,257.16980197614083,-100.99460033599945,1
all,0.0125,20,-250.0,1.5,570.3922889503792,627.3547086696043,3134.660838108552,3.1644089786510916,-11820.792395800003,-3170.1610347199894,459.19291977198833,643.4552876423206,304.3796567638577,219.9034156480176,-154.07408591000092,4
all,0.0125,40,0.0,1.5,647.946486117106,702.3860476384018,3219.093715216487,3.4499457048449234,-11820.792395800003,-3264.5676540300365,414.55195427472484,799.4931137192734,390.5338027617864,414.55195427472484,-154.07408591000092,1
all,0.0125,40,-250.0,1.5,617.9458796682213,675.329725484801,3253.909542644754,3.28156034480978,-11820.792395800003,-3776.027791529888,413.2569037357456,751.2270811007342,371.9771261260772,342.5619706677159,-153.65062352799913,1
all,0.0125,40,-500.0,1.5,617.9458796682213,675.329725484801,3253.909542644754,3.28156034480978,-11820.792395800003,-3776.027791529888,413.2569037357456,751.2270811007342,456.74998331252675,394.01210724408634,-52.60313889799509,1
all,0.015,0,0.0,0.75,603.4756686444032,644.9702474119956,2674.0866949777965,3.8135917745201624,-8631.019669199944,-3592.251677509982,643.9640390559705,576.8549966485589,430.1059566672074,343.792136795608,46.95245502054069,0
all,0.015,0,0.0,1.0,801.021483015959,855.9740145447998,3544.8866683833253,3.817932358771479,-11481.549028999987,-4538.693298410003,854.98334649344,765.5815040401893,571.6727060655743,456.2322724049939,61.80502039036887,0
all,0.015,0,0.0,1.25,851.1714029931504,906.5015748583967,3654.3577809099133,3.9221798342476375,-11820.792395800003,-4814.123965769888,901.5314320889337,817.9867620431874,592.801364532659,525.5685492150063,57.214314835064826,0
all,0.015,0,0.0,1.5,865.6237699969502,920.8983832784005,3679.425250658248,3.957325106965393,-11820.792395800003,-4927.930521129875,914.3670599903176,833.4906113427268,602.0412417443921,547.8824268327355,62.281403306006126,0
all,0.015,20,0.0,0.75,523.2988180492544,565.1821885479964,2528.1591284875935,3.5347122509641746,-8631.019669199944,-2519.684986879982,567.1515876942071,495.1373820124009,294.42577572505905,201.58714928988798,-68.87812829599977,1
all,0.015,20,0.0,1.0,692.9946348201433,748.8520490672029,3361.5649311047328,3.5222852362966166,-11481.549028999987,-3343.1257334099846,753.4064143402172,654.1708498416208,388.10190563584825,263.4396825941902,-92.56119029200202,1
all,0.015,20,0.0,1.25,729.0587022884547,785.1404526607976,3443.078220764798,3.605541254581528,-11820.792395800003,-3540.846895729977,800.7131631004203,682.7927188628241,405.2817978230868,296.9676421649249,-96.71849057000207,1
all,0.015,20,0.0,1.5,749.8492077935437,805.3329439567997,3463.708617006161,3.6762422294538104,-11820.792395800003,-3540.846895729977,813.4305665127896,708.8824985424527,419.7682508513748,336.196344483671,-97.5735625559984,1
all,0.015,20,-250.0,0.75,546.9352155865838,589.1637621415952,2588.458189630596,3.598859372472633,-8631.019669199944,-2910.1564031699936,658.0355066391231,474.01982596028813,274.0091818428583,197.83785425080842,-107.27742743399953,3
all,0.015,20,-250.0,1.0,714.5862308292943,770.8934455696017,3421.519806007695,3.562421466937867,-11481.549028999987,-3882.8803011900336,873.6253827583222,610.2332655533361,355.2750528446955,232.96722860521746,-143.59655829200318,3
all,0.015,20,-250.0,1.25,784.6235279309949,840.6432109807976,3551.578142484973,3.7424873388774627,-11820.792395800003,-4393.015495929955,921.545011481608,694.6831694059952,393.53165755218436,308.5288783761543,-149.79797614400238,3
all,0.015,20,-250.0,1.5,797.9080272764868,853.8917433928017,3576.2449938439954,3.7752486043061597,-11820.792395800003,-4443.958118099835,934.3570020550187,708.2640584393527,402.0505203624268,307.646299077262,-150.65304812999986,3
all,0.015,40,0.0,0.75,610.9953619000048,651.1822191383965,2640.557342157688,3.899212774901461,-8631.019669199944,-3254.7050402599407,604.8788715010847,615.0637372113778,338.76149117015,364.05357031391793,-107.27742743399953,1
all,0.015,40,0.0,1.0,806.4297016501845,860.0601459128018,3506.882926309427,3.8777299427606193,-11481.549028999987,-4293.622608469985,802.9058489013598,808.8362994283845,445.4694073163134,471.1409177210846,-143.59655829200318,1
all,0.015,40,0.0,1.25,879.0959525003343,932.2381802119979,3624.0871079631593,4.067225598362181,-11820.792395800003,-4443.958118099835,902.7539963254633,863.5686990719911,491.38620698873933,531.8188572458712,-149.79797614400238,1
all,0.015,40,0.0,1.5,894.9644536762983,947.9547054320013,3647.1421389159673,4.109650616372897,-11820.792395800003,-4443.958118099835,915.5890771998091,881.4206578583832,501.30648785759854,552.2694766658765,-150.65304812999986,1
all,0.015,40,-250.0,0.75,603.4756686444032,644.9702474119956,2674.0866949777965,3.8135917745201624,-8631.019669199944,-3592.251677509982,643.9640390559705,576.8549966485589,355.12522140315684,343.792136795608,0.0034576137035887133,0
all,0.015,40,-250.0,1.0,810.1706515712751,864.1917127104009,3528.36417296315,3.872636175352204,-11481.549028999987,-4293.622608469985,854.98334649344,780.8104437061401,461.59036555841516,480.3513347196895,0.004034221437244667,0
all,0.015,40,-250.0,1.25,851.1714029931504,906.5015748583967,3654.3577809099133,3.9221798342476375,-11820.792395800003,-4814.123965769888,901.5314320889337,817.9867620431874,486.25241906409445,490.8770535525626,-1.6563830520002012,1
all,0.015,40,-250.0,1.5,865.6237699969502,920.8983832784005,3679.425250658248,3.957325106965393,-11820.792395800003,-4927.930521129875,914.3670599903176,833.4906113427268,495.3579954451128,490.034654355562,-2.5114550379965292,1
all,0.015,40,-500.0,0.75,603.4756686444032,644.9702474119956,2674.0866949777965,3.8135917745201624,-8631.019669199944,-3592.251677509982,643.9640390559705,576.8549966485589,380.4005159402369,343.792136795608,14.855014451465319,0
all,0.015,40,-500.0,1.0,801.021483015959,855.9740145447998,3544.8866683833253,3.817932358771479,-11481.549028999987,-4538.693298410003,854.98334649344,765.5815040401893,504.4384062717487,456.2322724049939,19.678608061452575,0
all,0.015,40,-500.0,1.25,851.1714029931504,906.5015748583967,3654.3577809099133,3.9221798342476375,-11820.792395800003,-4814.123965769888,901.5314320889337,817.9867620431874,535.6161233626968,525.5685492150063,16.27516132612758,0
all,0.015,40,-500.0,1.5,865.6237699969502,920.8983832784005,3679.425250658248,3.957325106965393,-11820.792395800003,-4927.930521129875,914.3670599903176,833.4906113427268,578.3618513185166,547.8824268327355,15.868844497761362,0
all,0.0175,0,0.0,1.5,955.2899532848214,1016.402337809597,4064.7390453540147,3.953693423778291,-11820.792395800003,-5424.845179799997,955.2632613813522,955.0521408006282,623.4491942846507,641.6199592420635,127.76032710823822,0
all,0.0175,20,0.0,1.5,778.5589486081273,842.3507120031965,3812.4091657416666,3.493521711325063,-11820.792395800003,-5151.151329049951,782.9427496885218,776.0187323381416,458.52507056023165,387.1103410887023,1.9500391269709259,0
all,0.0175,20,-250.0,1.5,866.7314111991795,929.5583358943983,3957.102383739596,3.714234905193687,-11820.792395800003,-5398.693280400063,975.2153013802643,794.9116842222408,419.3339238411418,414.4027598420492,-206.18540582799957,2
all,0.0175,40,0.0,1.5,973.1306499164607,1031.923335366398,4010.4537380965344,4.06840263414236,-11820.792395800003,-5424.845179799997,956.486866755819,983.8987256264382,548.5054494101581,688.1985304432277,-30.90224345600087,3
all,0.0175,40,-250.0,1.5,970.6819838914993,1030.7693425975963,4054.9412836495057,4.01926765009672,-11820.792395800003,-5424.845179799997,955.2632613813522,980.6155890783673,523.3848702382687,674.1057701133826,-95.41029602000151,2
all,0.0175,40,-500.0,1.5,955.2899532848214,1016.402337809597,4064.7390453540147,3.953693423778291,-11820.792395800003,-5424.845179799997,955.2632613813522,955.0521408006282,584.6096553646826,641.6199592420635,28.263097050973634,0
all,0.02,0,0.0,0.75,540.0440118249044,599.1996543823956,3135.6318646629998,3.0214574969528667,-9399.99649260001,-4320.73372319999,595.2244532370705,502.9924796474418,339.9119032712831,212.20142425004633,54.37730925669082,0
all,0.02,0,0.0,1.0,716.1279097562127,794.7640245720012,4164.126638999591,3.0177570687587814,-12545.604627799941,-5774.842973679985,789.8512226995691,666.6458099425962,451.0390246161876,294.7642223831857,72.57109526368872,0
all,0.02,0,0.0,1.25,767.6008046094099,845.492288938397,4258.502776948012,3.1392269973705385,-12545.604627799941,-5782.615452070005,837.0565880337341,720.9577398814646,474.3036123309869,346.5445049083444,57.50676559638984,0
all,0.02,0,0.0,1.5,782.431381708621,859.9610216703968,4280.155274313759,3.176795411797158,-12545.604627799941,-5782.615452070005,850.0399000673779,737.0316748987751,483.7843617532684,364.37330190537693,65.3479114341802,0
all,0.02,20,0.0,0.75,420.22820314376594,483.3406593999969,2961.6809901802835,2.5803882567693823,-9399.99649260001,-4320.73372319999,463.16641295226833,391.8650335088238,254.65736697849565,198.8181976545658,2.4412981809527006,0
all,0.02,20,0.0,1.0,555.2230075385573,639.5764862360022,3941.670024027245,2.5655603108129674,-12545.604627799941,-5774.842973679985,614.6061460978349,515.9707873030113,335.3201299519842,256.1395761442778,3.115911981406243,0
all,0.02,20,0.0,1.25,592.5544518594681,676.050383258398,4012.523526682414,2.6639831640986062,-12545.604627799941,-5782.615452070005,662.899419526485,546.0092334142487,351.6741354022473,265.107185841893,2.052112345902202,0
all,0.02,20,0.0,1.5,608.3833034607525,691.2033616551975,4032.319799585516,2.710321921168297,-12545.604627799941,-5782.615452070005,675.8433634972009,563.7831969662785,361.86212611708584,272.3597880977654,2.2959173246837086,0
all,0.02,20,-250.0,0.75,461.71945062255367,524.2524828175963,3050.5360318890234,2.7172796803112846,-9399.99649260001,-4320.73372319999,609.471801270251,362.2167509465639,200.50743500052025,31.586589619012766,-198.77607180799947,2
all,0.02,20,-250.0,1.0,584.7789118255896,669.2679318744022,4022.2985794734745,2.630847745159879,-12545.604627799941,-5774.842973679985,808.727774517627,433.7003444586301,255.33607949824324,9.27724355384707,-264.55900502799335,2
all,0.02,20,-250.0,1.25,678.2321234451886,759.3844950631982,4153.298643443278,2.8909366149333016,-12545.604627799941,-5782.615452070005,857.3075016032574,557.9316908573336,313.7848050716004,122.56887004907713,-199.6940844299984,3
all,0.02,20,-250.0,1.5,691.9225452537314,772.7049517871992,4174.585422919094,2.926647031251205,-12545.604627799941,-5782.615452070005,870.2631898490642,572.1607352569255,322.01535058132293,135.80617029677862,-196.23014455199845,3
all,0.02,40,0.0,0.75,538.9983865131422,596.761133526396,3088.8777569603226,3.0547087801628434,-9399.99649260001,-4320.73372319999,555.6334737225432,527.7729024249658,302.9009346331153,227.80749965314183,-29.016145508000008,3
all,0.02,40,0.0,1.0,710.0196801140926,787.3148313432032,4107.3278446883505,3.0308124854162415,-12545.604627799941,-5774.842973679985,737.0948455716439,691.8036786644938,396.92160561740576,285.50222235389083,-41.683552271999154,3
all,0.02,40,0.0,1.25,784.4722683999996,859.6935696951983,4209.158753437567,3.2293742399443777,-12545.604627799941,-5782.615452070005,838.2935076493183,748.4127605111572,445.03888241575663,388.53399217181874,-35.24799448200452,3
all,0.02,40,0.0,1.5,800.7382965740004,875.4820192271977,4229.210458394575,3.273089928388443,-12545.604627799941,-5782.615452070005,851.2759969639072,766.8746195650376,455.52307954774807,412.60649635429354,-31.965919130005144,1
all,0.02,40,-250.0,0.75,531.3229428578862,590.5491617999952,3117.4807534270926,2.995175542845513,-9399.99649260001,-4320.73372319999,595.2244532370705,488.45803936317935,273.87406361079593,182.38323303379863,-66.53662892399967,2
all,0.02,40,-250.0,1.0,713.8516723544129,791.4463981408024,4125.756779818016,3.033108103105127,-12545.604627799941,-5774.842973679985,789.8512226995691,662.9513225951675,373.1530742994609,264.9101751010349,-71.40503844799834,2
all,0.02,40,-250.0,1.25,755.9825495027084,833.9569643415971,4234.808936942651,3.1137219141971695,-12545.604627799941,-5782.615452070005,837.0565880337341,701.599645450036,398.7346054908703,311.58687717820874,-66.847197688002,2
all,0.02,40,-250.0,1.5,798.1336662997658,874.328026458396,4271.377958637183,3.236505891661536,-12545.604627799941,-5782.615452070005,850.0399000673779,763.2672800973716,427.308880960103,404.9441089006374,-63.61788155600208,2
all,0.02,40,-500.0,0.75,540.0440118249044,599.1996543823956,3135.6318646629998,3.0214574969528667,-9399.99649260001,-4320.73372319999,595.2244532370705,502.9924796474418,292.16003529278,204.52261310800694,-27.34242329000326,1
all,0.02,40,-500.0,1.0,731.9171827902419,809.1310293600004,4155.329653596768,3.0788134655928183,-12545.604627799941,-5774.842973679985,789.8512226995691,693.0473948422524,418.9961731831503,321.07677888939145,-40.21746269199761,2
all,0.02,40,-500.0,1.25,767.6008046094099,845.492288938397,4258.502776948012,3.1392269973705385,-12545.604627799941,-5782.615452070005,837.0565880337341,720.9577398814646,440.1776645198502,342.36453288751926,-28.583586170002782,2
all,0.02,40,-500.0,1.5,782.431381708621,859.9610216703968,4280.155274313759,3.176795411797158,-12545.604627799941,-5782.615452070005,850.0399000673779,737.0316748987751,467.55576094244094,363.81005173294005,18.604110010249915,0
all,0.025,0,0.0,1.5,792.719744571253,875.6760178015968,4478.9708821374215,3.0912577704878195,-12494.702602799865,-6161.303601499979,794.3046056631927,791.3237572731325,464.0854258244315,326.0524828195271,-67.60443074399241,1
all,0.025,20,0.0,1.5,595.2668192520631,685.0835262247953,4207.617524065477,2.57440739080867,-12494.702602799865,-6161.303601499979,562.7864230871717,616.8406720576156,377.0055982334405,276.0873330680853,0.2561326752276,0
all,0.025,20,-250.0,1.5,665.7451063071771,754.3585254479973,4351.545841050397,2.740969760996405,-12494.702602799865,-6161.303601499979,724.8477343240365,626.3848172814972,337.1279924963795,91.61454809159494,-176.30070807199692,2
all,0.025,40,0.0,1.5,775.249888805243,857.1355928879967,4404.561938323539,3.076924306071354,-12494.702602799865,-6161.303601499979,705.4589128438695,820.96739168249,470.00300440365953,361.2548614354502,-11.164029376001592,1
all,0.025,40,-250.0,1.5,808.4573671284894,890.043022589596,4470.533424713567,3.147905293990898,-12494.702602799865,-6161.303601499979,794.3046056631927,817.5038662789383,470.2725596258837,367.2127014613508,-67.06722370999746,2
all,0.025,40,-500.0,1.5,792.719744571253,875.6760178015968,4478.9708821374215,3.0912577704878195,-12494.702602799865,-6161.303601499979,794.3046056631927,791.3237572731325,498.2253372266143,405.29935014097947,0.4513135341971487,0
algo0.25,999.0,0,0.0,1.5,721.8636038510067,803.4027110472042,4269.319927570985,2.975394779923112,-11102.385807599989,-6035.078985520021,686.7026687248979,744.9709703744776,379.9355211508866,406.82372162413947,-262.81386767599497,3
algo0.25,999.0,20,0.0,1.5,541.0688875683238,630.0839830112085,4040.8617678384076,2.4654400694484937,-11102.385807599989,-6007.601038429996,483.84740948566605,579.0847479501433,340.08827350659874,198.5800947139938,-1.5764050520059845,1
algo0.25,999.0,20,-250.0,1.5,589.6270787881919,678.4268502408033,4162.845050746827,2.576812307955114,-11102.385807599989,-6035.078985520021,627.0715582862829,564.5220737609529,290.25871808788094,177.35492057368097,-222.80339661799022,4
algo0.25,999.0,40,0.0,1.5,692.2313640085878,773.9668620408047,4205.058974995694,2.9101828679403536,-11102.385807599989,-6035.078985520021,609.0799155303614,747.0603511905701,386.5234561491544,330.8652946838395,-217.5315726519991,4
algo0.25,999.0,40,-250.0,1.5,735.4697987535993,815.781966652804,4262.381889282784,3.026159030002436,-11102.385807599989,-6035.078985520021,686.7026687248979,767.602769329395,392.2369784234368,442.1401291030301,-221.26358149199746,3
algo0.25,999.0,40,-500.0,1.5,721.8636038510067,803.4027110472042,4269.319927570985,2.975394779923112,-11102.385807599989,-6035.078985520021,686.7026687248979,744.9709703744776,424.7892816690786,406.82372162413947,-210.91885826399434,1
algo0.25,0.01,0,0.0,1.5,417.7839287281383,470.55434693600256,2644.2298118670424,2.813718180872062,-10638.424466200115,-2719.735741260124,293.370017488862,498.37696405250693,222.5407194392707,293.370017488862,-310.41216843000615,4
algo0.25,0.01,20,0.0,1.5,313.96167814355056,368.0371590168007,2415.035661586585,2.4095621124411704,-10638.424466200115,-1678.4421040899701,240.60875103947114,362.09283730427956,173.26966363891648,240.60875103947114,-188.7112502080074,4
algo0.25,0.01,20,-250.0,1.5,362.1380092663297,415.89601073759997,2533.607065374944,2.5954669168757425,-10638.424466200115,-2570.7917692599235,335.6391807446249,379.7526673052283,164.35460273390038,300.7850273041957,-266.86955256800223,5
algo0.25,0.01,40,0.0,1.5,429.54908330453173,480.72308527360127,2623.5133296646927,2.8972215542015562,-10638.424466200115,-2703.362913190032,295.29964077421994,516.3563724301265,219.16053263826927,295.29964077421994,-206.91257132600876,5
algo0.25,0.01,40,-250.0,1.5,417.7839287281383,470.55434693600256,2644.2298118670424,2.813718180872062,-10638.424466200115,-2719.735741260124,293.370017488862,498.37696405250693,191.70802723476353,293.370017488862,-264.2199486800027,5
algo0.25,0.01,40,-500.0,1.5,417.7839287281383,470.55434693600256,2644.2298118670424,2.813718180872062,-10638.424466200115,-2719.735741260124,293.370017488862,498.37696405250693,273.69791515504005,293.370017488862,-138.1872593260066,3
algo0.25,0.0125,0,0.0,1.5,544.0607381476673,595.6736134272007,2900.9062955020304,3.246718729614501,-10638.424466200115,-3393.3940034900265,356.31384913087015,666.1781393071752,360.82245770973174,295.88177022669953,-40.37645167000491,1
algo0.25,0.0125,20,0.0,1.5,463.5279090619029,513.8648893463997,2677.4698210227675,3.034550468442419,-10638.424466200115,-2703.362913190032,288.64349688323875,576.8808276897446,283.80842328166193,229.10753434941324,-149.51828254200635,1
algo0.25,0.0125,20,-250.0,1.5,501.9560505167089,553.1742012223987,2793.9010559747194,3.1305518407071813,-10638.424466200115,-2825.9120756599586,398.09694678278555,570.1441622948678,267.6519491633905,187.38443546090983,-139.3311997940077,4
algo0.25,0.0125,40,0.0,1.5,570.8087169130621,619.7823620767997,2870.417928396848,3.4140044527531344,-10638.424466200115,-2960.1801558900333,358.22660151129685,708.7058666523612,341.8172638991445,358.22660151129685,-168.76567078401098,1
algo0.25,0.0125,40,-250.0,1.5,544.0607381476673,595.6736134272007,2900.9062955020304,3.246718729614501,-10638.424466200115,-3393.3940034900265,356.31384913087015,666.1781393071752,327.59152679970134,303.7584705430113,-139.6149828140075,1
algo0.25,0.0125,40,-500.0,1.5,544.0607381476673,595.6736134272007,2900.9062955020304,3.246718729614501,-10638.424466200115,-3393.3940034900265,356.31384913087015,666.1781393071752,402.93170584383773,345.4815710924421,-49.454301384007415,1
algo0.25,0.015,0,0.0,0.75,521.2618795118335,557.763789605599,2333.727442897678,3.7789416602364896,-7613.302616400004,-3193.169162570007,554.6197437208549,499.3027800499165,370.68577879876625,296.7360556130545,39.3419360575247,0
algo0.25,0.015,0,0.0,1.0,692.1593313951674,740.4913152496005,3093.885559293612,3.784301485762048,-10129.211275399895,-4063.6406311899477,736.7789031925998,662.8197283745324,492.8121537106965,394.0387510382134,51.72331909307432,0
algo0.25,0.015,0,0.0,1.25,742.7246785120842,791.9252479600009,3222.7404566581927,3.885338508990615,-10527.46152219997,-4255.756601489955,785.1153673275221,714.7603445606461,516.7054724959384,456.3464629660619,48.73704699760874,0
algo0.25,0.015,0,0.0,1.5,763.4873585157982,813.1652334784025,3279.6642538968877,3.9203010625233388,-10638.424466200115,-4417.409427879995,805.3311027730423,735.8775565369701,530.756937747012,479.87623828638027,53.76608929802449,0
algo0.25,0.015,20,0.0,0.75,453.98482908937365,490.6763010616004,2205.601174790343,3.517532369306631,-7613.302616400004,-2257.938506720017,491.9213057042687,429.62588871667987,255.24446322487353,178.87848576550937,-60.84686122599848,1
algo0.25,0.015,20,0.0,1.0,600.5904758269734,649.5648877047998,2932.837087816486,3.5019069789995787,-10129.211275399895,-2995.8702179899724,651.8141462731644,567.6921538046072,335.97144633086003,231.8122294507176,-81.90416333399673,1
algo0.25,0.015,20,0.0,1.25,638.0955722922647,687.8290216135994,3036.2108333462347,3.58194221095469,-10527.46152219997,-3199.713066210009,699.481787730864,598.4862352448255,352.53573781143984,261.8397463529127,-115.26091378600448,1
algo0.25,0.015,20,0.0,1.5,663.3519686229728,713.1120244768045,3088.13432275715,3.6511660253610385,-10638.424466200115,-3228.2955159299418,718.2776013636416,627.9911035943853,365.2895308616434,298.42129302950406,-145.54499257000276,1
algo0.25,0.015,20,-250.0,0.75,475.2614598334971,512.6144481312001,2272.255817965791,3.5670042184247612,-7613.302616400004,-2923.431792699944,568.1557977497259,414.22583246957424,238.16422766166048,177.7004772592091,-94.73694051999922,3
algo0.25,0.015,20,-250.0,1.0,613.5241574130231,663.2707061983999,2986.2520821998182,3.5118370437605924,-10129.211275399895,-3424.959571390031,754.7276701690911,520.8063777365951,303.67934885406396,190.7224599994952,-126.95708262399614,3
algo0.25,0.015,20,-250.0,1.25,684.9210567134389,734.6957677472016,3131.5666337852263,3.7095043552673332,-10527.46152219997,-3914.25331792001,804.2600917208913,606.5349576158984,343.04337154008147,271.43866289026585,-133.32839705600517,3
algo0.25,0.015,20,-250.0,1.5,704.0472760209492,754.3247538448011,3187.235795938611,3.7420894943434098,-10638.424466200115,-4019.8255697000413,824.5153626818366,624.9130648061506,354.2237732861246,274.78979362371877,-135.35790982200646,3
algo0.25,0.015,40,0.0,0.75,527.6288353138577,562.9718786871989,2303.79810584205,3.8637791019123457,-7613.302616400004,-2935.780211860002,519.8048691229404,532.7764082768941,290.6427923254309,313.92089252341157,-116.11246092200021,1
algo0.25,0.015,40,0.0,1.0,696.5759207096903,743.7393770560008,3059.9150064718215,3.8430976221191924,-10129.211275399895,-3881.335298919968,690.3927447952273,700.6702240514313,382.23745295410487,406.27187492784117,-155.37469727399835,1
algo0.25,0.015,40,0.0,1.25,767.5750779491838,814.8193776024009,3196.2859662523906,4.030748722220105,-10527.46152219997,-3977.583270209992,786.9860788692289,754.8040564775113,426.36783637516305,461.15076582014103,-162.43671617800715,1
algo0.25,0.015,40,0.0,1.5,789.6420112905718,837.2739821280034,3251.4101186618127,4.071606952821624,-10638.424466200115,-4019.8255697000413,807.1420913239159,778.123454896678,439.44299235319045,483.08036672313057,-164.79238081200623,1
algo0.25,0.015,40,-250.0,0.75,521.2618795118335,557.763789605599,2333.727442897678,3.7789416602364896,-7613.302616400004,-3193.169162570007,554.6197437208549,499.3027800499165,307.24601068584906,296.7360556130545,12.153157441380577,0
algo0.25,0.015,40,-250.0,1.0,709.1069498023711,756.1712482096003,3080.208309651116,3.881593718811996,-10129.211275399895,-3881.335298919968,736.7789031925998,690.962346990109,404.7573027213968,422.4987882736538,0.0007179219721702222,0
algo0.25,0.015,40,-250.0,1.25,742.7246785120842,791.9252479600009,3222.7404566581927,3.885338508990615,-10527.46152219997,-4255.756601489955,785.1153673275221,714.7603445606461,423.7816212391815,429.2866334016842,-2.9435635080040266,1
algo0.25,0.015,40,-250.0,1.5,763.4873585157982,813.1652334784025,3279.6642538968877,3.9203010625233388,-10638.424466200115,-4417.409427879995,805.3311027730423,735.8775565369701,436.3585919189803,434.2602646738392,-3.3412352200048554,1
algo0.25,0.015,40,-500.0,0.75,521.2618795118335,557.763789605599,2333.727442897678,3.7789416602364896,-7613.302616400004,-3193.169162570007,554.6197437208549,499.3027800499165,323.74903378175173,296.7360556130545,3.9055942969504454,0
algo0.25,0.015,40,-500.0,1.0,692.1593313951674,740.4913152496005,3093.885559293612,3.784301485762048,-10129.211275399895,-4063.6406311899477,736.7789031925998,662.8197283745324,457.32098045963943,394.0387510382134,16.050010392171913,0
algo0.25,0.015,40,-500.0,1.25,742.7246785120842,791.9252479600009,3222.7404566581927,3.885338508990615,-10527.46152219997,-4255.756601489955,785.1153673275221,714.7603445606461,496.27539469917247,456.3464629660619,13.615698212511864,0
algo0.25,0.015,40,-500.0,1.5,763.4873585157982,813.1652334784025,3279.6642538968877,3.9203010625233388,-10638.424466200115,-4417.409427879995,805.3311027730423,735.8775565369701,510.2785579329145,479.87623828638027,13.613075791350871,0
algo0.25,0.0175,0,0.0,1.5,844.9401076814061,899.8188613440025,3625.8869024544465,3.923835960658506,-10638.424466200115,-4791.3462207001285,841.7835333920228,846.7690945927862,549.2009230175652,564.695780708145,105.07339483752995,0
algo0.25,0.0175,20,0.0,1.5,676.3389829179737,734.614174380006,3409.4863230117344,3.4067507131585817,-10638.424466200115,-4544.044784750067,690.1847557657786,667.5253490881635,393.99757402920915,309.26475017472137,0.02094074234633083,0
algo0.25,0.0175,20,-250.0,1.5,761.9057664655086,818.6202467408034,3531.415623952742,3.665250418092124,-10638.424466200115,-4791.3462207001285,860.9349622695777,696.3219582722229,366.59507514512904,349.87523995956644,-189.3905318039979,2
algo0.25,0.0175,40,0.0,1.5,860.6666521111581,913.4785374136038,3577.8052744359547,4.036934028448107,-10638.424466200115,-4791.3462207001285,843.5965568482718,871.7068316090947,481.6545170029359,605.7869207519019,-31.651636216003844,3
algo0.25,0.0175,40,-250.0,1.5,858.6397538299576,912.5986187400019,3617.226618896847,3.989092374895417,-10638.424466200115,-4791.3462207001285,841.7835333920228,869.5172795432258,461.76762845252114,594.0680071493213,-91.72774293800583,2
algo0.25,0.0175,40,-500.0,1.5,844.9401076814061,899.8188613440025,3625.8869024544465,3.923835960658506,-10638.424466200115,-4791.3462207001285,841.7835333920228,846.7690945927862,516.4102882449623,564.695780708145,22.4236688368186,0
algo0.25,0.02,0,0.0,0.75,465.9815263141741,518.0078508855981,2736.740186698526,2.992766106569049,-8144.631214200053,-3789.2317824199504,510.6452291944218,435.9575449405858,290.9747230384497,181.43346635556364,41.01870565377722,0
algo0.25,0.02,0,0.0,1.0,618.1471024651336,687.2973882608,3634.6765470861183,2.989846756146173,-10873.345656199963,-5065.919816129977,677.9819387127686,577.941915224213,386.17252851213874,242.63579125679507,54.694725777896835,0
algo0.25,0.02,0,0.0,1.25,668.9528960660818,738.2658697864018,3757.442059505588,3.106636949176946,-11011.529520799872,-5129.142638479994,726.3799114879727,630.3435505982867,410.82637717735486,298.9370904376541,44.26258708525179,0
algo0.25,0.02,0,0.0,1.5,689.13396913085,758.9104315408042,3818.239547318589,3.1426596917099947,-11152.055484799901,-5184.2172392799575,746.1896166880673,650.7806736605572,423.8844220071189,318.36299971473863,51.86224945765598,0
algo0.25,0.02,20,0.0,0.75,363.57873965574487,418.91445459999954,2584.0378637209533,2.5632825275161184,-8144.631214200053,-3789.2317824199504,399.1011025658949,340.1283939655917,220.26203477523396,170.48278292834752,1.954328569616864,0
algo0.25,0.02,20,0.0,1.0,479.6991077826006,553.7243379655993,3439.2919628173295,2.5456258479518077,-10873.345656199963,-5065.919816129977,527.8486553167919,447.8985116546521,289.607569880636,219.52201816878696,2.4690610693327217,0
algo0.25,0.02,20,0.0,1.25,516.8913661666791,591.0553506920008,3539.9330295937993,2.6399950448084817,-11011.529520799872,-5129.142638479994,575.1458974108195,478.37256483151714,306.77359258775806,229.3209940768935,0.05185318523066101,0
algo0.25,0.02,20,0.0,1.5,527.0698295789049,602.4963929944068,3603.732425258947,2.6434549781555137,-11152.055484799901,-5184.2172392799575,592.8917716977668,483.47053802766527,310.341524149135,206.90094908676878,-16.797038428003397,1
algo0.25,0.02,20,-250.0,0.75,401.08630903293624,456.2007927751992,2673.8681798695493,2.6976527609048007,-8144.631214200053,-3789.2317824199504,524.3564022924463,318.06112981280916,173.34758104030698,31.615923568055234,-179.36527952199958,4
algo0.25,0.02,20,-250.0,1.0,519.3093620418687,592.8365691703991,3527.0851836722954,2.657596487174324,-10873.345656199963,-5065.919816129977,696.1644239148778,400.17099255139135,223.9603527423297,22.722261420842536,-238.85944065399985,3
algo0.25,0.02,20,-250.0,1.25,585.9306563853602,658.552065614402,3665.8048891639673,2.84047371329835,-11011.529520799872,-5129.142638479994,745.7595424769105,478.490183679884,269.59230393872724,92.93726592886583,-181.54543455999882,3
algo0.25,0.02,20,-250.0,1.5,604.1963746164623,677.3097424304041,3725.3464197674766,2.8746876480224786,-11152.055484799901,-5184.2172392799575,765.605371349724,495.7318083906768,279.561830400499,105.54025168919578,-179.9560495079958,3
algo0.25,0.02,40,0.0,0.75,464.7297927482401,515.5402976103976,2695.312465324005,3.024290480276358,-8144.631214200053,-3789.2317824199504,475.36359782925393,457.48241697356457,259.3886128814318,194.88544555909678,-28.075208088002306,3
algo0.25,0.02,40,0.0,1.0,588.741572056388,658.1039830016005,3571.611906858314,2.9134009766256916,-10873.345656199963,-5065.919816129977,630.969506020699,560.4355673878521,323.8651940737048,183.75590919932748,-40.11769365000264,3
algo0.25,0.02,40,0.0,1.25,683.8823609947515,750.8180646856033,3714.0088398829216,3.196404875655851,-11011.529520799872,-5129.142638479994,728.2733997481663,654.0952110961246,385.4530098139986,338.70816410592624,-34.88616431000372,3
algo0.25,0.02,40,0.0,1.5,705.2805851947112,772.5701076104057,3773.1203956555473,3.2374810979041158,-11152.055484799901,-5184.2172392799575,748.0222345831885,676.5998994639684,398.631238811202,359.48223870669074,-32.31994786400897,3
algo0.25,0.02,40,-250.0,0.75,476.2374080656652,527.3337341135983,2731.106545556474,3.052930486278097,-8144.631214200053,-3789.2317824199504,510.6452291944218,453.1017381439613,251.88970064458334,204.41447485647234,-63.17231595400153,2
algo0.25,0.02,40,-250.0,1.0,625.1428126030604,692.7442925967998,3601.898260589388,3.0409656828140745,-10873.345656199963,-5065.919816129977,677.9819387127686,589.7129660822325,327.5517989538655,253.6229752039059,-67.80205554800074,2
algo0.25,0.02,40,-250.0,1.25,682.779263274599,750.8883998464016,3749.798452511691,3.166193653052683,-11011.529520799872,-5129.142638479994,726.3799114879727,653.4444884902503,363.04195462163864,332.6986850936764,-64.42123010400573,2
algo0.25,0.02,40,-250.0,1.5,703.1157427691955,771.6901889368037,3810.4891254101153,3.2020805790691313,-11152.055484799901,-5184.2172392799575,746.1896166880673,674.1368872521191,375.43770871975704,353.07811719901383,-62.0279388900043,2
algo0.25,0.02,40,-500.0,0.75,465.9815263141741,518.0078508855981,2736.740186698526,2.992766106569049,-8144.631214200053,-3789.2317824199504,510.6452291944218,435.9575449405858,233.77543580174287,177.71179652161516,-64.28434480199996,3
algo0.25,0.02,40,-500.0,1.0,618.1471024651336,687.2973882608,3634.6765470861183,2.989846756146173,-10873.345656199963,-5065.919816129977,677.9819387127686,577.941915224213,361.8930789222167,244.3280037827845,8.217802842221607,0
algo0.25,0.02,40,-500.0,1.25,668.9528960660818,738.2658697864018,3757.442059505588,3.106636949176946,-11011.529520799872,-5129.142638479994,726.3799114879727,630.3435505982867,398.8433024312475,296.6342686708045,11.454892129925982,0
algo0.25,0.02,40,-500.0,1.5,689.13396913085,758.9104315408042,3818.239547318589,3.1426596917099947,-11152.055484799901,-5184.2172392799575,746.1896166880673,650.7806736605572,411.4092901887906,316.47407057826837,14.6075474666289,0
algo0.25,0.025,0,0.0,1.5,697.8911439931196,772.595263271206,3996.690119698152,3.0564800725393253,-11102.385807599989,-5501.763124859947,695.3284438631904,699.2534500995586,405.9151965894934,282.2014324565828,-68.1325250819935,1
algo0.25,0.025,20,0.0,1.5,529.3936067111097,609.6989925840078,3754.641467221255,2.5675387656953585,-11102.385807599989,-5501.763124859947,492.9535460228997,553.5512154993382,337.4946730318176,209.55392064848226,0.0989443203944123,0
algo0.25,0.025,20,-250.0,1.5,580.8240291649909,661.0658690344048,3885.0167074422247,2.6904309388718146,-11102.385807599989,-5501.763124859947,635.8350913004978,544.1685538125317,293.28612179690566,66.82286737115851,-163.98316925999242,2
algo0.25,0.025,40,0.0,1.5,682.5571363769435,756.3262342144064,3931.3969768658317,3.0418113056624017,-11102.385807599989,-5501.763124859947,617.8784471578712,724.8940512373047,411.069232474091,313.2784581755764,-12.070039174002401,1
algo0.25,0.025,40,-250.0,1.5,711.9052156791781,785.3750206672056,3989.2425683824836,3.1128388912650116,-11102.385807599989,-5501.763124859947,695.3284438631904,722.5596078476266,413.38389571900757,318.8006243016408,-64.92206000199612,2
algo0.25,0.025,40,-500.0,1.5,697.8911439931196,772.595263271206,3996.690119698152,3.0564800725393253,-11102.385807599989,-5501.763124859947,695.3284438631904,699.2534500995586,435.46340513013007,351.9365703481563,0.0051078562264709,0
algo0.5,999.0,0,0.0,1.5,774.2941088914769,861.322436094407,4565.760271741393,2.9827898704198805,-11937.776304599829,-6482.833124179893,740.3134295555819,796.6175033163025,409.3461657771396,434.34762710603025,-282.8110631979943,3
algo0.5,999.0,20,0.0,1.5,585.4176929954718,679.7748516032062,4315.087467250496,2.4908380693135848,-11937.776304599829,-6454.949048509914,520.0641688814485,628.8077368467751,365.7244294469063,225.10761217243686,0.016398259278328314,0
algo0.5,999.0,20,-250.0,1.5,638.366240899463,732.6124274880057,4450.832218885395,2.6025738548140724,-11937.776304599829,-6482.833124179893,674.5300263645651,614.1312485330054,315.4819369346977,203.3355170600041,-233.46113756799255,4
algo0.5,999.0,40,0.0,1.5,741.9175791680311,829.1944559928086,4496.743977859877,2.915601952247991,-11937.776304599829,-6482.833124179893,655.8207304381244,798.7144336159383,413.42561858329634,351.3306581512804,-233.5535034139995,4
algo0.5,999.0,40,-250.0,1.5,762.5432963995372,849.8169938168079,4545.742698383735,2.9559056386251763,-11937.776304599829,-6482.833124179893,740.3134295555819,777.0228429129979,402.5160156497237,404.1314066439876,-238.6987269660004,3
algo0.5,999.0,40,-500.0,1.5,774.2941088914769,861.322436094407,4565.760271741393,2.9827898704198805,-11937.776304599829,-6482.833124179893,740.3134295555819,796.6175033163025,466.5448526969402,434.34762710603025,-207.46312138599924,1
algo0.5,0.01,0,0.0,1.5,446.0496355543584,502.15933098880373,2816.0405397382547,2.8195035046949135,-11312.861474200035,-2911.277391239989,315.75331107329,530.4898129316541,238.74156257811526,315.75331107329,-324.20837528400006,4
algo0.5,0.01,20,0.0,1.5,325.29071182178706,383.72564786560304,2571.528177402761,2.3593889706171023,-11312.861474200035,-1815.9447564700326,257.92380847050146,369.64099551629704,180.94629714922573,245.16392377928636,-169.6723409220009,4
algo0.5,0.01,20,-250.0,1.5,387.5897172193944,444.7067603504041,2699.2335966794813,2.604973232609265,-11312.861474200035,-2741.0151386699636,360.43401669832866,405.64988556034854,176.4138889217539,322.3059178047003,-282.0572457460023,5
algo0.5,0.01,40,0.0,1.5,457.87813695721724,512.3656313512034,2794.624484807229,2.8988552821109006,-11312.861474200035,-2898.226557630021,317.309553434914,548.8138017374187,233.29153584314932,317.309553434914,-220.40768332800045,5
algo0.5,0.01,40,-250.0,1.5,446.0496355543584,502.15933098880373,2816.0405397382547,2.8195035046949135,-11312.861474200035,-2911.277391239989,315.75331107329,530.4898129316541,204.739806789303,315.75331107329,-280.67490073400086,5
algo0.5,0.01,40,-500.0,1.5,446.0496355543584,502.15933098880373,2816.0405397382547,2.8195035046949135,-11312.861474200035,-2911.277391239989,315.75331107329,530.4898129316541,292.5400623474474,315.75331107329,-146.2420483459994,3
algo0.5,0.0125,0,0.0,1.5,581.2312664052423,636.1892772928034,3093.1242652381147,3.2520632323622887,-11312.861474200035,-3610.5847589298733,383.7569675483211,709.7272450459318,386.4376347324275,313.85440499374886,-41.65341410599898,1
algo0.5,0.0125,20,0.0,1.5,485.36049768448146,539.708063998404,2855.530139171867,2.9884236387185203,-11312.861474200035,-2898.226557630021,309.7491135228275,599.3175407257388,302.6516792191997,246.4874484253391,-96.57032970799864,1
algo0.5,0.0125,20,-250.0,1.5,536.9951138030355,591.5246841168045,2980.3944595405396,3.138116983194728,-11312.861474200035,-3028.565088560054,427.91581531995416,608.628084157796,286.7361317392913,199.8832811005581,-147.30567211399818,4
algo0.5,0.0125,40,0.0,1.5,609.218368846439,661.4131953872028,3061.047676426213,3.4164318772640856,-11312.861474200035,-3141.1137125400187,385.2994093881249,754.524678084808,364.24848321725693,385.2994093881249,-178.71809636799887,1
algo0.5,0.0125,40,-250.0,1.5,581.2312664052423,636.1892772928034,3093.1242652381147,3.2520632323622887,-11312.861474200035,-3610.5847589298733,383.7569675483211,709.7272450459318,349.82175928408935,327.2674316154856,-147.11374449199843,1
algo0.5,0.0125,40,-500.0,1.5,581.2312664052423,636.1892772928034,3093.1242652381147,3.2520632323622887,-11312.861474200035,-3610.5847589298733,383.7569675483211,709.7272450459318,430.6186675177143,368.2653724940955,-50.48246182199878,1
algo0.5,0.015,0,0.0,0.75,548.6505854603633,586.8141304520008,2447.0734133336678,3.7916092040563303,-7953.118923600065,-3329.39098014996,584.3871426323641,525.1362753108992,390.48526072699275,312.40882503207337,41.87151172057362,0
algo0.5,0.015,0,0.0,1.0,728.4564332793873,778.9905999760032,3244.090672136382,3.7967258328248663,-10579.990526599926,-4221.991132550003,776.1798390514924,697.0899324078557,519.1131295766319,414.7884439749135,55.08166129051811,0
algo0.5,0.015,0,0.0,1.25,787.8788973994626,839.8129859207996,3409.173569695294,3.8949642630457357,-11089.203717400087,-4478.593364099946,834.1358263863414,757.3899859208499,549.4506729356807,482.10163776650626,52.854615624299086,0
algo0.5,0.015,0,0.0,1.5,817.5763977926805,870.5210913536044,3502.64682247983,3.929641695853211,-11312.861474200035,-4672.399251209946,864.0463343598365,786.9466214773433,570.0172152270036,510.71396601910897,58.7857179658262,0
algo0.5,0.015,20,0.0,0.75,476.6871896473089,515.1281461328005,2312.9467613584998,3.521434768526478,-7953.118923600065,-2345.1956155599937,516.0165149919475,451.44251711281794,268.0276353239244,185.42121497440476,-63.52207164399669,1
algo0.5,0.015,20,0.0,1.0,631.398178815783,682.6630065648015,3075.632647497491,3.509473045878462,-10579.990526599926,-3111.4704301899847,685.6774340523054,596.5289976939795,353.3515779900062,242.3639596613743,-85.4532998659966,1
algo0.5,0.015,20,0.0,1.25,676.3926411884132,728.9817167544008,3213.919330555315,3.586341722468381,-11089.203717400087,-3343.895728129986,741.6620059426779,634.2770438051676,375.98505470036264,274.855713606834,-90.53049552800401,1
algo0.5,0.015,20,0.0,1.5,700.1948797633287,753.8588261592051,3299.8322789307786,3.6121698367900903,-11312.861474200035,-3401.0606275699793,768.8199620198039,655.8918605950386,390.56222937454737,290.32346182330554,-92.92931348600224,1
algo0.5,0.015,20,-250.0,0.75,499.3047372215655,537.9902998168028,2367.751197107872,3.592596022284803,-7953.118923600065,-2681.360171759984,598.1025823738998,434.4877789079651,250.27849283805597,185.1467696487941,-98.91793734799715,3
algo0.5,0.015,20,-250.0,1.0,645.2591482530624,697.3261891304031,3131.9898304422704,3.520348323458692,-10579.990526599926,-3577.6001982999264,794.3592141780318,547.3503955822508,319.5304906746695,199.64069146886965,-132.5003687259966,3
algo0.5,0.015,20,-250.0,1.25,726.8583101607031,779.4153295936005,3313.823943403136,3.7188573184057896,-11089.203717400087,-4092.458822189984,853.5727102805228,643.6407944289966,364.4038516844325,291.05898425323096,-140.2891116140041,3
algo0.5,0.015,20,-250.0,1.5,754.3038332392573,807.9062384984045,3405.257417441924,3.751293274376581,-11312.861474200035,-4272.187571269959,883.5748933747784,669.405061265403,379.82686824748345,298.6003438822861,-143.6646558920018,3
algo0.5,0.015,40,0.0,0.75,555.402627396358,592.3577004376,2415.9453739306628,3.8767422954495494,-7953.118923600065,-3046.205701679942,548.1470013753045,560.190997235043,305.86450559021273,330.6215588576956,-121.28243438199738,1
algo0.5,0.015,40,0.0,1.0,733.2026704800824,782.5173116504028,3208.779528299147,3.8558850670534306,-10579.990526599926,-4018.764328279948,727.8947741999558,736.7416479931961,402.2582577265639,427.91121022270625,-162.23837238999704,1
algo0.5,0.015,40,0.0,1.25,813.8294073133391,863.7213963896006,3381.367720464771,4.038790072847872,-11089.203717400087,-4188.373972289915,835.7114463812297,799.4572317011817,451.71091312558514,487.33355696198333,-171.04397161800335,1
algo0.5,0.015,40,0.0,1.5,844.9392887356523,895.7450094480057,3472.9454144984047,4.07808660159125,-11312.861474200035,-4272.187571269959,865.5037350967157,831.4344111556298,469.7133117547568,514.1784653579633,-175.07708014600246,1
algo0.5,0.015,40,-250.0,0.75,548.6505854603633,586.8141304520008,2447.0734133336678,3.7916092040563303,-7953.118923600065,-3329.39098014996,584.3871426323641,525.1362753108992,323.5239597151165,312.40882503207337,13.04829989973466,0
algo0.5,0.015,40,-250.0,1.0,746.1650449637721,795.3802777040032,3229.8112571744564,3.893746543137448,-10579.990526599926,-4018.764328279948,776.1798390514924,726.4971534642009,425.9952978101913,444.8140099787716,0.0014800792726681372,0
algo0.5,0.015,40,-250.0,1.25,787.8788973994626,839.8129859207996,3409.173569695294,3.8949642630457357,-11089.203717400087,-4478.593364099946,834.1358263863414,757.3899859208499,449.63201913379,457.34361665701243,-1.801415018001626,1
algo0.5,0.015,40,-250.0,1.5,817.5763977926805,870.5210913536044,3502.64682247983,3.929641695853211,-11312.861474200035,-4672.399251209946,864.0463343598365,786.9466214773433,467.33310238976196,468.10937731560205,-1.9154372360029448,1
algo0.5,0.015,40,-500.0,0.75,548.6505854603633,586.8141304520008,2447.0734133336678,3.7916092040563303,-7953.118923600065,-3329.39098014996,584.3871426323641,525.1362753108992,340.8278088496081,312.40882503207337,4.27250834123383,0
algo0.5,0.015,40,-500.0,1.0,728.4564332793873,778.9905999760032,3244.090672136382,3.7967258328248663,-10579.990526599926,-4221.991132550003,776.1798390514924,697.0899324078557,488.36989806772664,414.7884439749135,17.25475326754034,0
algo0.5,0.015,40,-500.0,1.25,787.8788973994626,839.8129859207996,3409.173569695294,3.8949642630457357,-11089.203717400087,-4478.593364099946,834.1358263863414,757.3899859208499,526.5062258296039,482.10163776650626,15.056468863566346,0
algo0.5,0.015,40,-500.0,1.5,817.5763977926805,870.5210913536044,3502.64682247983,3.929641695853211,-11312.861474200035,-4672.399251209946,864.0463343598365,786.9466214773433,546.4863494350991,510.71396601910897,15.361450269877556,0
algo0.5,0.0175,0,0.0,1.5,903.9034511997672,962.4812840160065,3874.0741181357316,3.9282070631093666,-11312.861474200035,-5161.464450110111,903.1315388111858,904.1606516022591,590.1416890143198,602.2803612394476,122.25921905799461,0
algo0.5,0.0175,20,0.0,1.5,728.0683990106525,789.7781944120069,3635.516379779596,3.4348599755567872,-11312.861474200035,-4908.143002200033,739.2383908741128,721.0561455537693,427.77697198437437,341.87767685757126,1.5959788620076012,0
algo0.5,0.0175,20,-250.0,1.5,820.8011437348873,880.9945007272054,3772.232979936378,3.6927056775107037,-11312.861474200035,-5133.458958420085,922.6238484981261,753.409376818671,396.56380754454347,387.0480008782642,-197.7346584859967,2
algo0.5,0.0175,40,0.0,1.5,920.1997775202433,976.6062293800077,3823.075049388772,4.0390262054147055,-11312.861474200035,-5161.464450110111,904.5907197513295,930.2848287364935,514.8693304155067,644.8992319118394,-31.839083764000243,3
algo0.5,0.0175,40,-250.0,1.5,892.8764478165639,951.3823112856074,3850.6060585028263,3.906573385525186,-11312.861474200035,-5161.464450110111,903.1315388111858,885.8700074187088,476.698629785394,571.4591496813415,-94.82305816599919,2
algo0.5,0.0175,40,-500.0,1.5,903.9034511997672,962.4812840160065,3874.0741181357316,3.9282070631093666,-11312.861474200035,-5161.464450110111,903.1315388111858,904.1606516022591,552.800322457905,602.2803612394476,24.395032770700226,0
algo0.5,0.02,0,0.0,0.75,490.6568568246227,545.0570822976019,2869.6134887955354,3.0032299499500215,-8563.867006800021,-3955.6028631299732,538.8160569495465,458.2970854261645,307.273041576728,191.3553900991773,45.43772962618809,0
algo0.5,0.02,0,0.0,1.0,650.8304275742906,723.1360437376067,3811.027692062684,3.000184125054588,-11430.765313399956,-5289.932471449987,715.2791744408895,607.5433333330606,407.8091660700262,260.0466714643196,60.60444080880533,0
algo0.5,0.02,0,0.0,1.25,709.5648500444488,782.812677328807,3976.7581637112044,3.112423410861017,-11709.47514200001,-5418.701471099857,772.7469814234618,667.1128820222591,437.6517384640277,315.2525662081799,51.19212308600185,0
algo0.5,0.02,0,0.0,1.5,737.7648658655849,812.2509894512071,4080.740285293646,3.147177936865912,-11988.184970599832,-5539.326715899888,801.720078397472,694.8060425237657,456.0510093660844,336.0311319336539,60.52644493772418,0
algo0.5,0.02,20,0.0,0.75,382.05056145790314,440.00944982160183,2709.7648844015825,2.567440558115268,-8563.867006800021,-3955.6028631299732,419.4446028137987,357.36362637719503,231.47829566929806,179.90431283964574,2.115340548573808,0
algo0.5,0.02,20,0.0,1.0,504.8907657893347,582.3527466032053,3606.6310539583174,2.55302116208959,-11430.765313399956,-5289.932471449987,556.7754652646586,470.612410617205,304.84823022772736,231.7466271213622,2.6823732792772934,0
algo0.5,0.02,20,0.0,1.25,548.1449898028454,626.6081465976059,3748.4455382957817,2.6431075540796156,-11709.47514200001,-5418.701471099857,611.1286105466316,506.486994264683,325.72267445389593,244.94310317791272,1.6428301825416955,0
algo0.5,0.02,20,0.0,1.5,569.4378974626076,649.2992147064077,3844.67764979648,2.6702686004633387,-11988.184970599832,-5539.326715899888,636.0043462439758,525.4101378408062,339.0561208759333,256.8532451928796,2.259597941679365,0
algo0.5,0.02,20,-250.0,0.75,421.4526440777943,478.74787847360244,2791.012140461681,2.712158967355206,-8563.867006800021,-3955.6028631299732,552.7067678480923,333.1076940533067,182.54431944748674,31.75839321963613,-185.82535726000256,4
algo0.5,0.02,20,-250.0,1.0,546.4345179703713,623.3842545496062,3698.7956558095325,2.6648053654527835,-11430.765313399956,-5289.932471449987,733.6923149160403,420.26894697614296,236.11265625818723,23.544937658447353,-247.41677549599635,3
algo0.5,0.02,20,-250.0,1.25,621.7925160021991,698.5512694544063,3880.6949183978068,2.8461565780465286,-11709.47514200001,-5418.701471099857,792.4196976237353,507.0861309965141,286.6074094992698,97.5590243438097,-188.25825801798962,3
algo0.5,0.02,20,-250.0,1.5,652.7820313322372,730.3561250408058,3980.878655052883,2.900853126045614,-11988.184970599832,-5539.326715899888,821.4815001404237,539.4982015140135,303.36223746603963,122.45106721140893,-187.9847653579979,3
algo0.5,0.02,40,0.0,0.75,489.47476376604936,542.6000598512015,2826.411364852257,3.0353898038532185,-8563.867006800021,-3955.6028631299732,502.09618357035976,480.909987652241,273.2091648796132,205.860606732669,-28.38509885800363,3
algo0.5,0.02,40,0.0,1.0,644.9083668686109,715.9933749216063,3758.5385665400745,3.0120348830522197,-11430.765313399956,-5289.932471449987,666.3505050263999,630.4279630414569,358.01857753597454,257.8449269325027,-40.642226277999065,3
algo0.5,0.02,40,0.0,1.25,725.078667981473,795.8381590232074,3930.9231138131026,3.2011071681167897,-11709.47514200001,-5418.701471099857,774.3415708777812,692.0517381123359,408.41512425405205,356.61238221134926,-35.64117797199242,3
algo0.5,0.02,40,0.0,1.5,754.4982694680817,826.3759348152074,4032.8820743822616,3.239904005830835,-11988.184970599832,-5539.326715899888,803.1946779656673,721.8585422342302,426.02901432470816,380.3595992756709,-33.26212254399979,3
algo0.5,0.02,40,-250.0,0.75,501.43357594212216,554.8596388776016,2863.6703272704344,3.0635863071294693,-8563.867006800021,-3955.6028631299732,538.8160569495465,476.31424101560816,265.480405589473,214.7069507041137,-64.29746974000157,2
algo0.5,0.02,40,-250.0,1.0,658.1682273944593,728.8563409752059,3776.7364538961483,3.05137272970191,-11430.765313399956,-5289.932471449987,715.2791744408895,619.8925796698924,345.118422768713,266.3098381048082,-69.00829446999924,2
algo0.5,0.02,40,-250.0,1.25,698.5959570513464,771.9297485544074,3954.4566419942093,3.08646221221683,-11709.47514200001,-5418.701471099857,772.7469814234618,648.8374016256411,367.5126745187723,282.9322166975991,-65.94008313799003,2
algo0.5,0.02,40,-250.0,1.5,726.5840677808205,801.1520167208071,4058.056581308679,3.12152513661852,-11988.184970599832,-5539.326715899888,801.720078397472,676.1796554186966,383.88097203721173,307.03305070331743,-63.865324435999426,2
algo0.5,0.02,40,-500.0,0.75,490.6568568246227,545.0570822976019,2869.6134887955354,3.0032299499500215,-8563.867006800021,-3955.6028631299732,538.8160569495465,458.2970854261645,246.743766258316,186.63525516569726,-66.17319098000064,3
algo0.5,0.02,40,-500.0,1.0,650.8304275742906,723.1360437376067,3811.027692062684,3.000184125054588,-11430.765313399956,-5289.932471449987,715.2791744408895,607.5433333330606,387.4239006711827,257.92436344020683,9.039123837225834,0
algo0.5,0.02,40,-500.0,1.25,709.5648500444488,782.812677328807,3976.7581637112044,3.112423410861017,-11709.47514200001,-5418.701471099857,772.7469814234618,667.1128820222591,423.14199383145785,315.2525662081799,12.469971344306,0
algo0.5,0.02,40,-500.0,1.5,737.7648658655849,812.2509894512071,4080.740285293646,3.147177936865912,-11988.184970599832,-5539.326715899888,801.720078397472,694.8060425237657,440.5190938303636,335.6979269750548,15.792238542598467,0
algo0.5,0.025,0,0.0,1.5,747.4029820080386,827.1515314728097,4272.076938943595,3.0613713738467188,-11937.776304599829,-5893.659781450042,747.8871931742923,746.7410305921185,437.2273721452457,298.20279891817773,-67.4244967559903,1
algo0.5,0.025,20,0.0,1.5,571.6659050095874,656.754416174408,4006.2433218304095,2.5920040941701603,-11937.776304599829,-5893.659781450042,528.1200082570338,600.5077409821879,361.2709255266546,260.12486489420525,0.18033882989359593,0
algo0.5,0.025,20,-250.0,1.5,627.6921891872914,712.848331529608,4151.468712098062,2.7149721101296054,-11937.776304599829,-5893.659781450042,682.2454649288608,591.3693043475232,317.9551340827954,81.24489267587826,-169.64592738799402,2
algo0.5,0.025,40,0.0,1.5,730.0621435340696,808.8681413040096,4201.916869044308,3.0436890269194627,-11937.776304599829,-5893.659781450042,663.5677101943093,773.6033866035231,439.1167309483132,331.2897176959199,-12.687341007995935,1
algo0.5,0.025,40,-250.0,1.5,736.1666157652834,816.0525587424096,4250.453396375147,3.0356582408774657,-11937.776304599829,-5893.659781450042,747.8871931742923,728.056439893426,424.8723659394345,311.6632117016861,-67.10305632799806,2
algo0.5,0.025,40,-500.0,1.5,747.4029820080386,827.1515314728097,4272.076938943595,3.0613713738467188,-11937.776304599829,-5893.659781450042,747.8871931742923,746.7410305921185,469.6892597685145,375.0667387720011,0.28191560364769286,0
algo0.75,999.0,0,0.0,1.5,814.7843767701265,905.4199922448029,4774.723001968824,2.9982780292856264,-12494.702602799982,-6782.02931528007,780.044289089983,837.6145136725133,431.6643618564061,460.07746798707336,-294.72465045799964,3
algo0.75,999.0,20,0.0,1.5,615.3617754422717,713.7124690512028,4511.456189707109,2.50136197910276,-12494.702602799982,-6753.87384563008,548.2351023843526,659.9347189016326,384.1665896352327,239.3367062954307,0.024270973874442416,0
algo0.75,999.0,20,-250.0,1.5,671.3920944477106,769.582934907203,4653.425981519424,2.6148851753189812,-12494.702602799982,-6782.02931528007,710.4249694817767,645.2301164683033,332.0549182916886,217.417598130569,-242.55442077799466,4
algo0.75,999.0,40,0.0,1.5,780.8825394223439,871.7660677168038,4702.401404735139,2.931232495441291,-12494.702602799982,-6782.02931528007,690.9873809465382,840.2039914367781,438.16444949106636,373.1259129711543,-243.55965090799845,4
algo0.75,999.0,40,-250.0,1.5,802.5906350000587,893.4742300112038,4753.874804299722,2.971695420907047,-12494.702602799982,-6782.02931528007,780.044289089983,817.2801507784329,425.3500237490658,428.71756422129647,-249.13685404799762,3
algo0.75,999.0,40,-500.0,1.5,814.7843767701265,905.4199922448029,4774.723001968824,2.9982780292856264,-12494.702602799982,-6782.02931528007,780.044289089983,837.6145136725133,490.96026412170124,460.07746798707336,-216.71579976599662,1
algo0.75,0.01,0,0.0,1.5,469.8156325512834,528.3379382975995,2948.3482800306906,2.8333682126599493,-11820.792395800003,-3039.632369799941,334.3762642847911,557.6220115700895,251.94774922478965,334.3762642847911,-336.7757234780013,4
algo0.75,0.01,20,0.0,1.5,342.2176718656532,403.17764101359995,2690.528500617767,2.3693479681853447,-11820.792395800003,-1939.2580022799432,273.2515418792823,387.6274280429266,190.24380515861802,258.07356950927954,-177.7306690220019,4
algo0.75,0.01,20,-250.0,1.5,408.1329195976224,467.6813635991998,2824.583804003923,2.6179756573170176,-11820.792395800003,-2856.1340406799336,380.91251307030814,426.244264804094,186.0945340233663,340.45894754684474,-294.8222848279995,5
algo0.75,0.01,40,0.0,1.5,481.98859327910577,538.8407129031997,2926.074347765093,2.911689428029166,-11820.792395800003,-3028.385041719937,335.68416640361175,576.6702257187281,245.9937813747165,335.68416640361175,-230.81015459600218,5
algo0.75,0.01,40,-250.0,1.5,469.8156325512834,528.3379382975995,2948.3482800306906,2.8333682126599493,-11820.792395800003,-3039.632369799941,334.3762642847911,557.6220115700895,216.47572859611293,334.3762642847911,-291.75477261000196,5
algo0.75,0.01,40,-500.0,1.5,469.8156325512834,528.3379382975995,2948.3482800306906,2.8333682126599493,-11820.792395800003,-3039.632369799941,334.3762642847911,557.6220115700895,308.0384457386811,334.3762642847911,-153.03276707600207,3
algo0.75,0.0125,0,0.0,1.5,611.3336839555484,668.677922965601,3238.118390515568,3.265083302444106,-11820.792395800003,-3776.027791529888,405.9474075012112,745.0310799607128,406.02778189121193,333.22321317089336,-43.7296389399983,1
algo0.75,0.0125,20,0.0,1.5,509.52691717971607,566.2705630424023,2987.9205315358845,2.9965735905959323,-11820.792395800003,-3028.385041719937,327.7187823138574,627.5389969491824,317.3445340208622,257.82077295651743,-100.90754727399867,1
algo0.75,0.0125,20,-250.0,1.5,564.3280616361246,621.2286947088028,3118.9918360221154,3.1492509862396445,-11820.792395800003,-3170.1610347199894,451.9352636209244,638.1569749299077,301.09455602291814,212.0711573246102,-153.9870328479978,4
algo0.75,0.0125,40,0.0,1.5,640.4421267832821,694.9206352632009,3204.6298320901496,3.428683054868691,-11820.792395800003,-3264.3928365300408,407.24357023804373,791.8277664449109,385.8148810662687,407.24357023804373,-153.9870328479978,1
algo0.75,0.0125,40,-250.0,1.5,611.3336839555484,668.677922965601,3238.118390515568,3.265083302444106,-11820.792395800003,-3776.027791529888,405.9474075012112,745.0310799607128,367.86142247433895,342.54222015683536,-153.5917005379974,1
algo0.75,0.0125,40,-500.0,1.5,611.3336839555484,668.677922965601,3238.118390515568,3.265083302444106,-11820.792395800003,-3776.027791529888,405.9474075012112,745.0310799607128,452.3937255897539,386.82275526374804,-52.54421590799568,1
algo0.75,0.015,0,0.0,0.75,576.0719220041884,615.8979296727995,2560.4941094441137,3.80325081937229,-8291.203362,-3460.6930691899584,614.2021589232376,550.9926070455089,410.3143895146956,328.1096796737953,44.42720399007574,0
algo0.75,0.015,0,0.0,1.0,764.7376850566111,817.4789488536021,3394.4201923850947,3.8078600631368116,-11030.769777800073,-4380.342797050011,815.62806721355,731.3030106396048,545.3787890761208,435.53477787660256,58.41104417090511,0
algo0.75,0.015,0,0.0,1.25,833.0685965729198,887.7435622719985,3595.9315299376653,3.9034275424311278,-11650.94591260003,-4701.005564659958,883.2427480911983,800.0220609842827,582.2374387510431,507.9135951009357,57.05599962105749,0
algo0.75,0.015,0,0.0,1.5,858.9947074255639,914.239725138401,3665.9066948916593,3.9431989129350806,-11820.792395800003,-4873.900773379903,907.1127341040478,827.2845723710648,598.5125299491182,538.6218695696932,61.01510227280348,0
algo0.75,0.015,20,0.0,0.75,500.0072578581101,540.1663822328001,2420.480117476673,3.5285480574190657,-8291.203362,-2432.6682568599585,541.6004294611246,473.3026089229162,281.23906315831925,193.52784140913727,-66.19481757999698,1
algo0.75,0.015,20,0.0,1.0,662.200125686832,715.7592947040008,3218.5427828258644,3.5162335572762795,-11030.769777800073,-3227.070642389933,719.5916079204072,625.3234524574768,370.71724445796974,252.9391322246438,-89.045575372,1
algo0.75,0.015,20,0.0,1.25,714.7132265474486,770.1645509071996,3391.9042280696867,3.5901281260135463,-11650.94591260003,-3488.0783900499628,783.9037133080063,670.0673019365629,397.52264987853846,287.91125779960515,-94.93096014600124,1
algo0.75,0.015,20,0.0,1.5,734.3120634280433,790.3537409280011,3452.285859510026,3.619801604322891,-11820.792395800003,-3540.846895729977,806.4390058410618,687.7376624143373,409.4309243576163,303.4282111495375,-97.48650949399762,1
algo0.75,0.015,20,-250.0,0.75,523.9472090700692,564.3514455583993,2477.9317060726394,3.601059634532038,-8291.203362,-2795.9229964199794,628.0885517110272,455.62075421140054,262.7170955880744,193.66265333513027,-103.08833030799704,3
algo0.75,0.015,20,-250.0,1.0,676.9837465226566,731.3755989880016,3277.843958953719,3.5279481678106936,-11030.769777800073,-3730.239674279996,834.038456485595,573.8461108283053,335.36687959330004,208.57028104071702,-138.08679380200178,3
algo0.75,0.015,20,-250.0,1.25,745.050741408822,801.5591605439989,3490.352095318578,3.6310844256820607,-11650.94591260003,-4270.415884790032,902.9634990073736,641.1325294430297,369.3971574667275,280.122347381447,-147.17208896200168,3
algo0.75,0.015,20,-250.0,1.5,791.8202476996483,847.7634646816015,3562.9121764483525,3.762180110964678,-11820.792395800003,-4443.958118099835,927.1162923792679,702.9589655108174,398.67504066163997,310.5901318076214,-150.56599506799677,3
algo0.75,0.015,40,0.0,0.75,583.209474167215,621.7773567551992,2528.1656110136387,3.8886547548543957,-8291.203362,-3150.4547893999343,576.5424008540181,587.625414077404,321.10782354268923,347.35122920819026,-126.44180397399651,1
algo0.75,0.015,40,0.0,1.0,769.8133981386028,821.2839659840021,3357.7634355534083,3.867347995374266,-11030.769777800073,-4156.193579110017,765.4432928222833,772.7563096261546,422.26338696066694,449.5465324194598,-169.14518648000274,1
algo0.75,0.015,40,0.0,1.25,860.1199053636467,912.6665979791994,3566.7720476237314,4.045822322587576,-11650.94591260003,-4398.491670649963,884.524418675905,844.1132661303042,480.22866183661415,513.5331453409699,-147.17208896200168,1
algo0.75,0.015,40,0.0,1.5,887.456791619737,940.4824374360027,3634.879925114805,4.091010793968171,-11820.792395800003,-4443.958118099835,908.3350903056895,873.7527358118105,496.55950498814644,542.7392178649324,-150.56599506799677,1
algo0.75,0.015,40,-250.0,0.75,576.0719220041884,615.8979296727995,2560.4941094441137,3.80325081937229,-8291.203362,-3460.6930691899584,614.2021589232376,550.9926070455089,338.896630119738,328.1096796737953,0.00231716124623523,0
algo0.75,0.015,40,-250.0,1.0,773.5746377671067,825.4158683920022,3378.5422789558465,3.862899951293792,-11030.769777800073,-4156.193579110017,815.62806721355,746.0115155125989,440.66143041184915,458.82913642048976,0.002541451895169544,0
algo0.75,0.015,40,-250.0,1.25,833.0685965729198,887.7435622719985,3595.9315299376653,3.9034275424311278,-11650.94591260003,-4701.005564659958,883.2427480911983,800.0220609842827,475.51369943312244,485.4278667479984,-0.5849893919976966,1
algo0.75,0.015,40,-250.0,1.5,858.9947074255639,914.239725138401,3665.9066948916593,3.9431989129350806,-11820.792395800003,-4873.900773379903,907.1127341040478,827.2845723710648,491.2360418050157,490.3316350168824,-2.453446543996579,1
algo0.75,0.015,40,-500.0,0.75,576.0719220041884,615.8979296727995,2560.4941094441137,3.80325081937229,-8291.203362,-3460.6930691899584,614.2021589232376,550.9926070455089,375.92004695185,328.1096796737953,13.956613752321292,0
algo0.75,0.015,40,-500.0,1.0,764.7376850566111,817.4789488536021,3394.4201923850947,3.8078600631368116,-11030.769777800073,-4380.342797050011,815.62806721355,731.3030106396048,512.6726648062353,435.53477787660256,18.448614353728694,0
algo0.75,0.015,40,-500.0,1.25,833.0685965729198,887.7435622719985,3595.9315299376653,3.9034275424311278,-11650.94591260003,-4701.005564659958,883.2427480911983,800.0220609842827,524.2412179462012,507.9135951009357,16.54460764768113,0
algo0.75,0.015,40,-500.0,1.5,858.9947074255639,914.239725138401,3665.9066948916593,3.9431989129350806,-11820.792395800003,-4873.900773379903,907.1127341040478,827.2845723710648,574.0070928312994,538.6218695696932,15.90442550297664,0
algo0.75,0.0175,0,0.0,1.5,948.6196623090374,1009.7436796696031,4052.66804385922,3.9394910293155045,-11820.792395800003,-5402.382241390136,947.9856049361424,948.7849910718664,619.8117701934706,634.3989583546947,131.05208244593652,0
algo0.75,0.0175,20,0.0,1.5,762.9239294829001,827.3715089744026,3802.185076458055,3.440624781378154,-11820.792395800003,-5151.151329049951,775.9032786778723,754.7334499901181,448.0801439790169,357.74319250845605,1.8299913389893423,0
algo0.75,0.0175,20,-250.0,1.5,860.597411007147,923.4300571832036,3945.178597009625,3.700899932352707,-11820.792395800003,-5377.433121020129,967.9506473690249,789.536612830899,415.95206652295127,408.1939989027153,-205.286971985996,2
algo0.75,0.0175,40,0.0,1.5,965.5840522696218,1024.451067370404,3999.467656604386,4.050037408017887,-11820.792395800003,-5402.382241390136,949.209562834579,976.1753738133192,543.5974103970025,678.7480775013255,-31.538971314000374,3
algo0.75,0.0175,40,-250.0,1.5,937.1617511233575,998.2083550728032,4028.233917124009,3.918109085002988,-11820.792395800003,-5402.382241390136,947.9856049361424,929.7787135453658,500.8707125581838,597.7578649271459,-96.28614154199848,2
algo0.75,0.0175,40,-500.0,1.5,948.6196623090374,1009.7436796696031,4052.66804385922,3.9394910293155045,-11820.792395800003,-5402.382241390136,947.9856049361424,948.7849910718664,580.3577365417533,634.3989583546947,26.333751246071543,0
algo0.75,0.02,0,0.0,0.75,515.3534343257214,572.1287731471973,3002.555708962009,3.012816769165592,-8980.760700000043,-4137.937286400001,567.0429930276921,480.6345347453744,323.6083590457253,201.26921034868656,49.93704248979037,0
algo0.75,0.02,0,0.0,1.0,683.4818933648742,758.9488850247976,3987.471056746305,3.009435140931122,-11988.184970599832,-5531.182961049955,752.6220295638983,637.0611509769263,429.4063444806621,277.34346459768506,66.56233577365464,0
algo0.75,0.02,0,0.0,1.25,750.2070374601373,827.3977757240019,4196.395221200122,3.1175108209859457,-12407.420763199916,-5720.573900229932,819.2125882859693,703.8667616065909,464.5429532127906,331.5788383020918,58.33004843862253,0
algo0.75,0.02,0,0.0,1.5,775.6588039209548,853.2961937064024,4268.447188594619,3.16082098669809,-12545.604627799941,-5782.615452070005,842.7023831819212,730.6374100141815,480.0436556844383,356.3511086771443,64.95646200511301,0
algo0.75,0.02,20,0.0,0.75,401.1492092120857,461.6820300039974,2835.6685148042134,2.574290263408364,-8980.760700000043,-4137.937286400001,441.3180669279562,374.62228107534105,243.07526456167184,189.38309248856763,2.2780064872756753,0
algo0.75,0.02,20,0.0,1.0,530.0642920536949,610.9678988927994,3774.053603169679,2.559648511783272,-11988.184970599832,-5531.182961049955,585.7516401322548,493.2634506469235,320.07692081652374,243.94499619722833,2.893415308000367,0
algo0.75,0.02,20,0.0,1.25,579.4164678647245,662.1865339776033,3957.232644391495,2.6458106856940957,-12407.420763199916,-5720.573900229932,647.1848143692697,534.5825405874062,344.57317961721515,260.6531260802397,2.214865760930995,0
algo0.75,0.02,20,0.0,1.5,598.018316761616,681.3161698792026,4020.484217614086,2.679417188210054,-12545.604627799941,-5782.615452070005,668.7265643753337,551.2421681567594,355.7536731541435,269.24481910719413,2.310420073203448,0
algo0.75,0.02,20,-250.0,0.75,442.4294931297827,502.26925929119705,2920.6499724124938,2.7191119665974615,-8980.760700000043,-4137.937286400001,581.1048204597842,349.0771615890225,191.91896382088805,33.020151428780224,-192.2728538640018,2
algo0.75,0.02,20,-250.0,1.0,573.5320123780616,653.9098744695982,3870.5910973021896,2.671225835816152,-11988.184970599832,-5531.182961049955,771.266429344203,440.28939626358346,248.2454297309384,24.36377053750826,-255.97444899199058,3
algo0.75,0.02,20,-250.0,1.25,639.0498078663725,721.2027923712039,4088.572679510521,2.789046028453563,-12407.420763199916,-5720.573900229932,839.1701465503231,504.24856918828783,293.3233992775071,63.98761335589041,-194.94686064199598,3
algo0.75,0.02,20,-250.0,1.5,685.6794601016305,766.5705032520023,4163.05124021547,2.911456810765044,-12545.604627799941,-5782.615452070005,862.9414962887176,566.6417017873223,318.73649470415035,129.86694230790914,-195.33171070999487,3
algo0.75,0.02,40,0.0,0.75,514.2413637423942,569.6826577223976,2957.5778074618993,3.0455576474704373,-8980.760700000043,-4137.937286400001,528.8905360200952,504.3324193802915,287.0461202536349,216.8109359664257,-28.67769362199976,3
algo0.75,0.02,40,0.0,1.0,677.4688616720478,751.6549294247986,3932.828612880077,3.021923690865855,-11988.184970599832,-5531.182961049955,701.7761546094196,661.0885089040927,376.1318683069813,271.6857729465468,-41.15469885599879,3
algo0.75,0.02,40,0.0,1.25,766.3057778567004,840.896888625603,4148.15749497766,3.205217555776728,-12407.420763199916,-5720.573900229932,820.5095293492066,729.9931266356658,433.9993431372205,374.5283303392552,-36.37797220800484,3
algo0.75,0.02,40,0.0,1.5,793.0745512745523,868.0035814072032,4218.514730564529,3.253358717160176,-12545.604627799941,-5782.615452070005,843.9389722547124,758.991934910224,450.5882955236203,401.32472540876233,-33.224619208004526,1
algo0.75,0.02,40,-250.0,0.75,506.9559768969029,563.8032306399978,2985.157054663705,2.9862789935929843,-8980.760700000043,-4137.937286400001,567.0429930276921,466.6397354698507,261.0729512361737,174.27413639316947,-65.38357588400433,2
algo0.75,0.02,40,-250.0,1.0,681.3218222230009,755.7868318327986,3950.656773323724,3.0248234044178424,-11988.184970599832,-5531.182961049955,752.6220295638983,633.555316112408,355.92146131574697,253.48902105065415,-70.16637843599477,2
algo0.75,0.02,40,-250.0,1.25,738.6993531598524,815.973852918402,4172.828045027899,3.091831077774653,-12407.420763199916,-5720.573900229932,819.2125882859693,684.6931397569356,388.6698270462004,296.09791272692263,-67.4483010440043,2
algo0.75,0.02,40,-250.0,1.5,764.0429903491106,841.7608691096025,4244.830064219998,3.135439524454019,-12545.604627799941,-5782.615452070005,842.7023831819212,711.2862558067849,404.1431125942351,325.0385770357071,-64.49372707799904,2
algo0.75,0.02,40,-500.0,0.75,515.3534343257214,572.1287731471973,3002.555708962009,3.012816769165592,-8980.760700000043,-4137.937286400001,567.0429930276921,480.6345347453744,287.62180001238636,195.58903666269234,0.014269059810696259,0
algo0.75,0.02,40,-500.0,1.0,683.4818933648742,758.9488850247976,3987.471056746305,3.009435140931122,-11988.184970599832,-5531.182961049955,752.6220295638983,637.0611509769263,406.9548598987611,271.49234818053867,9.875188477104157,0
algo0.75,0.02,40,-500.0,1.25,750.2070374601373,827.3977757240019,4196.395221200122,3.1175108209859457,-12407.420763199916,-5720.573900229932,819.2125882859693,703.8667616065909,429.65239964184417,331.5788383020918,-31.147690758000845,2
algo0.75,0.02,40,-500.0,1.5,775.6588039209548,853.2961937064024,4268.447188594619,3.16082098669809,-12545.604627799941,-5782.615452070005,842.7023831819212,730.6374100141815,463.27409160029606,354.8261718969319,17.072235739057337,0
algo0.75,0.025,0,0.0,1.5,785.9156904485421,869.0106529032015,4467.807707239405,3.0753930721675067,-12494.702602799865,-6161.303601499979,786.9103079544276,784.9119921131522,460.6592554206172,316.4757213321414,-68.53162378599387,1
algo0.75,0.025,20,0.0,1.5,600.2020690070201,688.9423536935998,4188.558191848552,2.6006884880684815,-12494.702602799865,-6161.303601499979,555.5816985864031,629.7598780792613,379.148560042459,272.948014291928,0.22330492313360412,0
algo0.75,0.025,20,-250.0,1.5,659.456054458552,748.2235399784013,4340.456427935238,2.725624164843136,-12494.702602799865,-6161.303601499979,717.4336985877494,620.8489630597215,334.1616510129446,86.70045023772082,-175.41539967799326,2
algo0.75,0.025,40,0.0,1.5,767.5374363630931,849.6566181336012,4394.262249101617,3.0572255250439526,-12494.702602799865,-6161.303601499979,698.0258303516247,813.0695438352577,465.04861850466193,351.39436830484743,-12.42791443400088,1
algo0.75,0.025,40,-250.0,1.5,774.2426025748574,857.4753283064016,4445.290668103479,3.0499412494051104,-12494.702602799865,-6161.303601499979,786.9103079544276,765.5006088881045,447.1232094590627,327.60918002135753,-67.95307531999656,2
algo0.75,0.025,40,-500.0,1.5,785.9156904485421,869.0106529032015,4467.807707239405,3.0753930721675067,-12494.702602799865,-6161.303601499979,786.9103079544276,784.9119921131522,494.0230062944847,397.8111513480252,0.31593645788213276,0
