asset_idx,asset,variant,full_mean_pl,full_std_pl,full_sharpe,full_score,full_worst_day,full_q05,full_q95,roll_mean_score,roll_median_score,roll_min_score,roll_neg_count,roll_mean_std,roll_mean_worst_day
0,ALGO,raw,166.50524075920035,818.5847879300733,3.2161347909066906,151.82679907421118,-2227.7051928,-1230.5264452500041,1634.6364487199965,85.03793210360504,88.0658224415357,-46.33814646599931,3,838.9524206239132,-2206.4800608533387
0,ALGO,gate20,133.37506207199993,779.0616412577035,2.7069037729348335,117.35851252614994,-2227.7051928,-1230.5264452500041,1534.101876299991,67.2973390397297,40.695357968382915,0.04062996965541381,0,697.5349796914536,-2206.349305546668
0,ALGO,gate20_loose,166.50524075920035,818.5847879300733,3.2161347909066906,151.82679907421118,-2227.7051928,-1230.5264452500041,1634.6364487199965,81.34087412144663,88.0658224415357,-37.090117823999606,3,816.6440931973464,-2206.4800608533387
1,AENO,raw,9.061654131999902,159.8650699201781,0.8962391359195502,4.03645999665402,-414.9996200000005,-250.27503740000046,299.9492227499994,5.036121511203271,3.470512709752907,-11.123338329999951,6,163.8339030673429,-427.41663553333393
1,AENO,gate20,2.020349451999908,128.67027985944404,0.24826657503083877,0.11729709151058804,-414.9996200000005,-218.73081449999944,256.3888356499995,1.6653525858761937,0.7683442518181857,-15.59117057999998,6,131.67223654870668,-423.7070088666676
1,AENO,gate20_loose,9.061654131999902,159.8650699201781,0.8962391359195502,4.03645999665402,-414.9996200000005,-250.27503740000046,299.9492227499994,5.036121511203271,3.470512709752907,-11.123338329999951,6,163.8339030673429,-427.41663553333393
2,LSST,raw,10.00822626000009,193.7521044313821,0.8167341049737431,4.0046878812074596,-603.8489979999995,-344.25676664999935,341.08171734999934,6.018638430727457,1.677276638523746,-25.65137842000001,5,187.03520939784354,-522.0884600666669
2,LSST,gate20,3.7551208080000396,158.09418189975787,0.37555887571818813,0.4641703590128659,-568.0669860000016,-293.30366780000065,271.73336580000006,6.513546406507075,1.187916705020892,-12.984690669999974,6,146.7797993383829,-508.7407211333336
2,LSST,gate20_loose,10.00822626000009,193.7521044313821,0.8167341049737431,4.0046878812074596,-603.8489979999995,-344.25676664999935,341.08171734999934,6.018638430727457,1.677276638523746,-25.65137842000001,5,187.03520939784354,-522.0884600666669
3,SRNA,raw,15.414296332000035,132.9982671048986,1.8325157913318313,11.877377406018386,-343.4257090000001,-225.76065164999983,240.19856645000021,5.724898563954112,1.274518864847901,-18.3501322899999,3,134.84235843938944,-324.9960418666662
3,SRNA,gate20,9.839111095999971,115.75425049939228,1.3439679787378034,6.332968967219938,-343.425709000001,-210.4493770500002,205.4864213999995,4.0909808494164235,0.8323099927140871,-7.761175989999977,7,107.46085926384663,-269.73022526666716
3,SRNA,gate20_loose,15.414296332000035,132.9982671048986,1.8325157913318313,11.877377406018386,-343.4257090000001,-225.76065164999983,240.19856645000021,5.724898563954112,1.274518864847901,-18.3501322899999,3,134.84235843938944,-324.9960418666662
4,ELLT,raw,13.225100884000007,148.51779733393818,1.4079605888886146,8.790649028060773,-540.4845159999986,-228.02302260000087,255.98605910000032,-2.5183466462876054,2.150942396543894,-32.10893340999992,7,147.60361811339388,-386.3624921333329
4,ELLT,gate20,-0.6941376119999623,121.56609365145155,-0.09028240513360845,-0.6941376119999623,-540.4845159999986,-202.9251389,212.0754741000013,-4.725578011081875,-4.493916220000083,-13.258227060000058,13,95.06941210692804,-374.2783695999991
4,ELLT,gate20_loose,13.225100884000007,148.51779733393818,1.4079605888886146,8.790649028060773,-540.4845159999986,-228.02302260000087,255.98605910000032,-2.5183466462876054,2.150942396543894,-32.10893340999992,7,147.60361811339388,-386.3624921333329
5,AMRP,raw,0.48356834799993476,226.6739295984274,0.03373077324670272,0.0005495618999934884,-840.9582550000014,-368.87295644999944,375.14544389999907,-1.8637557980233206,-2.0237583200001064,-28.224131990000068,9,231.33364169695864,-598.2919586000004
5,AMRP,gate20,7.2865496159999505,160.57122702186217,0.7175037987113311,2.4763480507525006,-583.284271999999,-259.3216304999999,272.69484800000015,0.6236868666508408,0.07035207520986048,-4.965103060000039,6,168.86090032249533,-494.74835966666603
5,AMRP,gate20_loose,0.48356834799993476,226.6739295984274,0.03373077324670272,0.0005495618999934884,-840.9582550000014,-368.87295644999944,375.14544389999907,-1.8637557980233206,-2.0237583200001064,-28.224131990000068,9,231.33364169695864,-598.2919586000004
6,OTCS,raw,13.79030436000003,234.68304371999412,0.9290993229272532,6.388997338311283,-758.654344999999,-372.1055140000014,411.4856626499983,-1.2622792821562254,-4.22354954999997,-35.82318923999992,9,233.01506597163058,-631.0555316666664
6,OTCS,gate20,7.000785423999987,194.28873243134532,0.5697300886393528,1.7155478203874508,-758.654344999999,-353.2682238500012,311.23044480000027,-0.2853226359530693,0.15455548519131915,-17.84330471,5,172.82348309237895,-579.2808153333328
6,OTCS,gate20_loose,13.79030436000003,234.68304371999412,0.9290993229272532,6.388997338311283,-758.654344999999,-372.1055140000014,411.4856626499983,-1.2622792821562254,-4.22354954999997,-35.82318923999992,9,233.01506597163058,-631.0555316666664
7,HETT,raw,6.092425523999984,121.5104311024378,0.7927690222143512,2.3512587068674824,-421.61833599999954,-203.0409065499999,232.81419360000157,0.32801046882749796,-1.842530630000001,-9.948368110000011,9,132.87039456385995,-410.76416213333323
7,HETT,gate20,2.81215112399996,89.14068218522597,0.4988071920946298,0.5602839519768201,-421.61833599999954,-134.90651190000034,168.56658355000133,-2.5000027178918174,-3.0621063700000537,-14.098138750000007,8,91.39681909115328,-360.49820919999945
7,HETT,gate20_loose,6.092425523999984,121.5104311024378,0.7927690222143512,2.3512587068674824,-421.61833599999954,-203.0409065499999,232.81419360000157,0.32801046882749796,-1.842530630000001,-9.948368110000011,9,132.87039456385995,-410.76416213333323
8,HUXZ,raw,25.564994567999943,190.63258072364687,2.1204038390978988,20.91352594484446,-623.7064689999988,-273.54219620000083,353.12094099999877,7.699593250241581,1.3221614324002169,-25.66953547000001,4,181.7737771158072,-555.4147205333333
8,HUXZ,gate20,21.289502715999994,168.07588552066366,2.002765555164186,17.04100822824464,-623.7064689999988,-269.1083824000011,339.07629930000087,9.417875864803976,4.099653885876138,-12.54226034000003,4,149.59902322345022,-531.4349182000002
8,HUXZ,gate20_loose,25.564994567999943,190.63258072364687,2.1204038390978988,20.91352594484446,-623.7064689999988,-273.54219620000083,353.12094099999877,7.699593250241581,1.3221614324002169,-25.66953547000001,4,181.7737771158072,-555.4147205333333
9,DUCT,raw,27.33332592399999,171.77686821317843,2.515925655376898,23.60429914235673,-693.6932639999977,-245.93189655000037,320.4203782499995,15.101604398217841,8.42258708647381,-0.9675764899999922,1,178.2117799619873,-534.1660191999999
9,DUCT,gate20,16.972599403999972,149.36807911355453,1.796637951320676,12.958179106175754,-693.6932639999977,-227.73804405000195,295.2715740499992,9.76833444358603,5.07518960346193,-2.6306253499999195,5,149.30941206194603,-534.4236752
9,DUCT,gate20_loose,27.33332592399999,171.77686821317843,2.515925655376898,23.60429914235673,-693.6932639999977,-245.93189655000037,320.4203782499995,15.101604398217841,8.42258708647381,-0.9675764899999922,1,178.2117799619873,-534.1660191999999
10,SMAH,raw,5.230071511999966,181.1851387576431,0.4564099025142279,0.9016528811526919,-579.0277679999999,-336.12129870000047,284.3872374999997,5.260305408216264,0.09338468194994802,-8.903362519999956,5,184.56087749248292,-526.2839448666672
10,SMAH,gate20,-1.929888119999976,146.71093219961236,-0.2079886616832635,-1.929888119999976,-579.0277679999999,-260.35815259999896,239.76990169999974,-3.8442482446683934,-4.226337079999921,-21.732940340000123,9,146.3406337294547,-518.9954426000002
10,SMAH,gate20_loose,5.230071511999966,181.1851387576431,0.4564099025142279,0.9016528811526919,-579.0277679999999,-336.12129870000047,284.3872374999997,5.260305408216264,0.09338468194994802,-8.903362519999956,5,184.56087749248292,-526.2839448666672
11,NPCK,raw,11.390830595999935,157.2540382185254,1.1453114187896762,6.463442897301733,-436.6084699999992,-260.9112375999997,312.66628340000034,5.192563417932419,3.799981498312643,-10.433169600000001,5,158.25182745859325,-421.80815
11,NPCK,gate20,6.380603767999986,115.70364073458926,0.8719362945638328,2.7558227686696055,-352.59314600000107,-200.6975392499992,239.98236884999986,0.31596589080914217,-0.04207057000008066,-23.465796080000064,8,112.35287756348787,-391.18369233333334
11,NPCK,gate20_loose,11.390830595999935,157.2540382185254,1.1453114187896762,6.463442897301733,-436.6084699999992,-260.9112375999997,312.66628340000034,5.192563417932419,3.799981498312643,-10.433169600000001,5,158.25182745859325,-421.80815
12,MSDP,raw,14.561662747999945,189.1102617606961,1.2174913295074492,8.695429844917463,-595.8707649999997,-316.64942850000176,317.79145560000006,6.681298802741888,2.0605282598695585,-8.262867160000042,5,189.32454287682296,-521.0727085333333
12,MSDP,gate20,12.291268863999948,166.49290676615524,1.1672690956841232,7.088653125537455,-595.8707649999997,-258.3391312500006,313.9467672000001,5.786611941981588,3.4194388351330685,-3.1206672500000683,2,151.5633069189802,-508.74893046666676
12,MSDP,gate20_loose,14.561662747999945,189.1102617606961,1.2174913295074492,8.695429844917463,-595.8707649999997,-316.64942850000176,317.79145560000006,6.681298802741888,2.0605282598695585,-8.262867160000042,5,189.32454287682296,-521.0727085333333
13,EORC,raw,11.597420304000035,194.05163203224407,0.9449614713064769,5.470788890525852,-552.9895029999989,-338.8653112000007,333.679421499998,5.914150361979946,8.1842015469486,-27.93629496000004,4,191.81743966088192,-468.2605190000001
13,EORC,gate20,11.766802211999995,144.01903754342968,1.2918394818256795,7.35785995867019,-552.9895029999989,-262.7133011999996,280.68535659999935,4.304123704522622,3.3518495173412792,-12.951375649999918,5,141.58848360492084,-445.2546590000002
13,EORC,gate20_loose,11.597420304000035,194.05163203224407,0.9449614713064769,5.470788890525852,-552.9895029999989,-338.8653112000007,333.679421499998,5.914150361979946,8.1842015469486,-27.93629496000004,4,191.81743966088192,-468.2605190000001
14,CUBO,raw,16.4257398800001,137.04632396753308,1.8950800273404864,12.84818263057933,-417.50953400000253,-204.42807659999926,258.7685451500014,16.237874796304688,20.333067753059915,-5.121496209999914,1,140.96748773859306,-371.37224246666716
14,CUBO,gate20,12.13281113600004,119.03761098448923,1.611562820065936,8.759901286847196,-355.55698499999926,-186.5140281000009,230.3180337999997,9.026023099595303,5.399735866181999,-10.303007650000072,3,122.97001683919089,-358.98173266666646
14,CUBO,gate20_loose,16.4257398800001,137.04632396753308,1.8950800273404864,12.84818263057933,-417.50953400000253,-204.42807659999926,258.7685451500014,16.237874796304688,20.333067753059915,-5.121496209999914,1,140.96748773859306,-371.37224246666716
15,HRET,raw,25.25137043199998,192.65930632159072,2.072358873556298,20.48216588701742,-555.5425999999989,-257.0782125000001,324.5844151499984,11.021645888978261,10.924214745911614,-9.76597841999992,3,196.63358735024005,-539.779922866666
15,HRET,gate20,12.592548828000028,161.61716392272044,1.231958749827,7.590985104499749,-527.4974249999996,-247.66985430000014,279.714297049999,3.002859112483181,0.9682874399405691,-11.76870109999996,5,148.72026418357243,-507.79187526666624
15,HRET,gate20_loose,25.25137043199998,192.65930632159072,2.072358873556298,20.48216588701742,-555.5425999999989,-257.0782125000001,324.5844151499984,11.021645888978261,10.924214745911614,-9.76597841999992,3,196.63358735024005,-539.779922866666
16,ANSO,raw,13.435858872000042,172.62973695694131,1.2306082690347413,8.092287267385402,-439.36813900000016,-237.93820735000025,323.7223814000013,15.085509896555445,16.979541305337385,0.44638221887888374,0,177.32390974250364,-399.4460331333339
16,ANSO,gate20,12.490853336000033,153.34212916846278,1.287954806518895,7.792973182777516,-439.36813900000016,-215.04794770000035,270.1835195999995,7.167419420680013,3.9590222922842937,-2.9978433500001143,2,152.72358952924282,-368.96813033333336
16,ANSO,gate20_loose,13.435858872000042,172.62973695694131,1.2306082690347413,8.092287267385402,-439.36813900000016,-237.93820735000025,323.7223814000013,15.085509896555445,16.979541305337385,0.44638221887888374,0,177.32390974250364,-399.4460331333339
17,DIHO,raw,-3.3377055519999557,171.01953696846002,-0.3085832148304778,-3.3377055519999557,-522.7199999999993,-301.53725300000104,291.3531855000011,-5.473742131316559,-4.864260250000061,-15.267425440000025,13,182.39953959669774,-491.1624391333338
17,DIHO,gate20,-7.573291351999979,111.58100952178059,-1.073159767912886,-7.573291351999979,-444.50373800000125,-237.5452126499994,178.3521315999978,-6.772488523333297,-7.221748149999985,-12.889998640000018,15,111.04536998191597,-416.36038466666673
17,DIHO,gate20_loose,-3.3377055519999557,171.01953696846002,-0.3085832148304778,-3.3377055519999557,-522.7199999999993,-301.53725300000104,291.3531855000011,-5.473742131316559,-4.864260250000061,-15.267425440000025,13,182.39953959669774,-491.1624391333338
18,RTTH,raw,6.461439467999946,264.80091518186595,0.3858156167653941,0.8371902503191414,-786.9145860000008,-397.03203974999934,496.85905169999876,-2.2431675323831106,-0.5556683399999384,-41.19983858000003,8,274.2159446663812,-867.9250822666665
18,RTTH,gate20,-0.9126302440000168,197.18480859858934,-0.07317983198366725,-0.9126302440000168,-753.0948179999996,-329.4338874000026,431.8959063999991,-2.48685501275189,-0.5943737700000565,-23.47865799,8,190.75299693463668,-612.3364021333338
18,RTTH,gate20_loose,6.461439467999946,264.80091518186595,0.3858156167653941,0.8371902503191414,-786.9145860000008,-397.03203974999934,496.85905169999876,-2.2431675323831106,-0.5556683399999384,-41.19983858000003,8,274.2159446663812,-867.9250822666665
19,SPLZ,raw,9.311675684000054,203.01128539560995,0.7252331794477482,3.2095128663199475,-655.1835679999995,-323.7263423999996,357.44881505000035,5.513235089490104,5.7561713598030435,-8.03384741999995,3,208.7124626837684,-577.5692526000008
19,SPLZ,gate20,1.2382021320001273,162.2786511155552,0.12064245400982193,0.017763005398392935,-655.1835679999986,-303.83009909999953,278.0544412500011,1.4972875368197078,1.649569802718503,-9.760161560000052,3,158.42650129562125,-536.5122595333338
19,SPLZ,gate20_loose,9.311675684000054,203.01128539560995,0.7252331794477482,3.2095128663199475,-655.1835679999995,-323.7263423999996,357.44881505000035,5.513235089490104,5.7561713598030435,-8.03384741999995,3,208.7124626837684,-577.5692526000008
20,NWIG,raw,23.218873567999946,173.61466675409744,2.114583017411673,18.975240626877987,-444.38472399999955,-288.36901149999846,342.3042641999986,4.660547698391521,8.868368657353331,-20.944734219999972,6,174.8046376355782,-458.1250606666657
20,NWIG,gate20,13.633647343999975,158.7062452967341,1.3582760508868355,8.841359015877918,-444.38472399999955,-284.34698529999883,312.24773309999875,4.516374093225561,1.8220408622395645,-12.65989488999998,5,132.45026956370288,-432.86721846666563
20,NWIG,gate20_loose,23.218873567999946,173.61466675409744,2.114583017411673,18.975240626877987,-444.38472399999955,-288.36901149999846,342.3042641999986,4.660547698391521,8.868368657353331,-20.944734219999972,6,174.8046376355782,-458.1250606666657
21,MMBT,raw,30.66421317999992,327.37581172729944,1.4810006242386724,21.06172995776065,-1180.3477700000003,-617.9906160000004,515.0632462000002,8.742504016549535,15.677733988057248,-56.66777911999994,4,342.26513662274397,-1020.2266410666671
21,MMBT,gate20,26.25365704400001,287.6683356958717,1.4430047187351054,17.735999629541915,-1180.3477700000003,-497.98359075000104,481.7019131500007,9.828593556086892,10.629381156588757,-12.74683606999994,4,243.55215622809754,-915.6987516
21,MMBT,gate20_loose,30.66421317999992,327.37581172729944,1.4810006242386724,21.06172995776065,-1180.3477700000003,-617.9906160000004,515.0632462000002,8.742504016549535,15.677733988057248,-56.66777911999994,4,342.26513662274397,-1020.2266410666671
22,MDGI,raw,19.38880634400002,190.87522723877547,1.606096035769559,13.972249440355956,-593.1423959999993,-281.5023658499995,348.34202409999915,6.243240287892637,1.3662973153640938,-27.40600147999994,4,186.30940285182163,-493.88541666666697
22,MDGI,gate20,17.962654043999997,162.8126509818591,1.7444252414698254,13.51977307700009,-593.1423960000011,-248.19429270000137,318.1850284000012,2.649078790883522,-1.340529740000019,-20.07558119000016,8,142.3149755659254,-467.85138253333423
22,MDGI,gate20_loose,19.38880634400002,190.87522723877547,1.606096035769559,13.972249440355956,-593.1423959999993,-281.5023658499995,348.34202409999915,6.243240287892637,1.3662973153640938,-27.40600147999994,4,186.30940285182163,-493.88541666666697
23,AGVF,raw,7.575784343999941,163.56391277521894,0.7323355495355326,2.6446454935534924,-445.0893990000004,-231.8723568999995,284.6903890999997,3.7646882928864653,3.065601942880711,-21.854035060000044,2,164.77959352706017,-421.06094253333396
23,AGVF,gate20,4.789732699999928,115.09034917990913,0.6580249700915759,1.4472740879308161,-407.0725999999995,-202.62075420000082,224.9228578999999,1.4786487627412284,0.9011459488026696,-7.3050887900001,5,120.44663191624467,-398.2565534666667
23,AGVF,gate20_loose,7.575784343999941,163.56391277521894,0.7323355495355326,2.6446454935534924,-445.0893990000004,-231.8723568999995,284.6903890999997,3.7646882928864653,3.065601942880711,-21.854035060000044,2,164.77959352706017,-421.06094253333396
24,RRES,raw,25.104539031999995,205.77624460349972,1.928976862773608,19.78685301656602,-561.1259520000003,-332.0527077000011,354.19030109999915,9.668799081638126,10.652192811121363,-10.078933740000027,1,214.06746877369633,-549.1083591333332
24,RRES,gate20,21.41618501999992,178.8222104652564,1.893610510645617,16.746036245851844,-468.01992600000085,-284.35829314999927,335.3875190999999,8.614159887045696,5.08409453092203,-16.647367469999963,3,160.03776493157085,-467.82993439999916
24,RRES,gate20_loose,25.104539031999995,205.77624460349972,1.928976862773608,19.78685301656602,-561.1259520000003,-332.0527077000011,354.19030109999915,9.668799081638126,10.652192811121363,-10.078933740000027,1,214.06746877369633,-549.1083591333332
25,CTGI,raw,9.24368433599999,264.01882624326174,0.5535797747704588,2.168265970206611,-850.4530279999999,-490.7518470999988,447.01886609999866,-3.6262979630614223,-2.6325194599999486,-46.958974029999965,8,263.24612637020084,-761.1934185999997
25,CTGI,gate20,-1.56739643600001,204.26076874294495,-0.12132879859147119,-1.56739643600001,-708.1889740000006,-424.00984619999934,368.5055230000004,-6.4085634078015214,-8.187750239999877,-18.766637469999957,10,183.3917584517091,-633.7100566666669
25,CTGI,gate20_loose,9.24368433599999,264.01882624326174,0.5535797747704588,2.168265970206611,-850.4530279999999,-490.7518470999988,447.01886609999866,-3.6262979630614223,-2.6325194599999486,-46.958974029999965,8,263.24612637020084,-761.1934185999997
26,ALUT,raw,22.112477671999923,173.75084254814925,2.012243311388831,17.73300879386938,-583.6965220000002,-231.65264660000156,298.2151497000007,11.527687654152098,8.760795668528129,-25.146011620000092,6,174.27455545114202,-461.6173449333334
26,ALUT,gate20,31.80649217999992,147.79867415384578,3.402634030547454,29.277735727186684,-469.7493749999994,-178.72123809999962,294.3267512999985,15.431908514555294,7.498868604895582,-12.615322079999927,5,127.67012512197765,-403.5987469999999
26,ALUT,gate20_loose,22.112477671999923,173.75084254814925,2.012243311388831,17.73300879386938,-583.6965220000002,-231.65264660000156,298.2151497000007,11.527687654152098,8.760795668528129,-25.146011620000092,6,174.27455545114202,-461.6173449333334
27,ACAC,raw,20.46498573200003,169.2918863356919,1.9113723816521802,16.06707660366364,-455.2937749999983,-293.14816489999976,313.34970704999995,10.395555770403785,1.8138540363394362,-13.732159129999983,6,165.71175246629596,-392.7382481999993
27,ACAC,gate20,16.977401992000043,148.09461863241282,1.8125999291121297,13.0158272187149,-455.2937750000001,-263.3910859500011,277.63154609999935,10.09884763794432,1.5716975548947885,-10.721957640000037,5,126.51834000647646,-382.9131320666663
27,ACAC,gate20_loose,20.46498573200003,169.2918863356919,1.9113723816521802,16.06707660366364,-455.2937749999983,-293.14816489999976,313.34970704999995,10.395555770403785,1.8138540363394362,-13.732159129999983,6,165.71175246629596,-392.7382481999993
28,SRTX,raw,18.333393580000024,161.76767389495188,1.791930351633672,13.979717267507768,-413.20587200000045,-252.87601230000075,290.46015685000106,7.962611104677545,4.426412476751428,-3.6550203399999917,2,166.36964103584944,-461.4024860666666
28,SRTX,gate20,14.408865807999975,134.12120337112827,1.6986439618693012,10.700393568948932,-413.20587200000045,-194.775431249999,261.85260780000044,5.69143781108343,4.0886557604636025,-3.170935590000039,2,128.45589790706103,-421.74729466666696
28,SRTX,gate20_loose,18.333393580000024,161.76767389495188,1.791930351633672,13.979717267507768,-413.20587200000045,-252.87601230000075,290.46015685000106,7.962611104677545,4.426412476751428,-3.6550203399999917,2,166.36964103584944,-461.4024860666666
29,GARI,raw,12.203581115999972,195.74397250905662,0.9857547959846857,6.014250264880583,-585.4294600000012,-332.1948495999999,347.4775412499994,0.5538456801698526,2.4845283981522783,-23.13013033000003,5,190.33024468128147,-511.8926049333338
29,GARI,gate20,-1.6737551199999934,166.09536975004792,-0.1593325097663325,-1.6737551199999934,-585.4294599999994,-308.7340180500009,309.3177097499999,-6.080203410892188,-6.515985609999934,-22.92694569000002,10,135.19701615575644,-473.5691716666667
29,GARI,gate20_loose,12.203581115999972,195.74397250905662,0.9857547959846857,6.014250264880583,-585.4294600000012,-332.1948495999999,347.4775412499994,0.5538456801698526,2.4845283981522783,-23.13013033000003,5,190.33024468128147,-511.8926049333338
30,RCRI,raw,24.428308144000074,296.88258549444623,1.3010041156645378,15.355961001422447,-697.9967059999999,-455.4688082999988,563.3271460500006,4.458380971358973,0.6000546264242056,-41.1778447900001,6,289.83094348711535,-731.5008661333334
30,RCRI,gate20,14.859611976000032,249.56038652188295,0.9414598936429165,6.982156718631224,-697.9967059999999,-428.3068048000008,488.1453695000005,-7.959345155492642,-11.388238080000047,-46.50965850000006,8,223.247312387687,-730.9280781333335
30,RCRI,gate20_loose,24.428308144000074,296.88258549444623,1.3010041156645378,15.355961001422447,-697.9967059999999,-455.4688082999988,563.3271460500006,4.458380971358973,0.6000546264242056,-41.1778447900001,6,289.83094348711535,-731.5008661333334
31,ACIX,raw,10.910013403999917,137.55371674206694,1.2540734077109639,6.669327381786171,-400.58008399999926,-219.11209634999977,259.7402282000008,-1.0637722975508392,0.1829117104006468,-28.497786619999914,7,137.93666935409607,-363.11688026666627
31,ACIX,gate20,2.49146023599997,111.31832820717435,0.35388103524324976,0.2772851082155211,-350.7077389999995,-185.9078991999999,201.58408365000116,-0.9018001022966956,0.3324885324058755,-7.428158529999945,7,97.82683479198629,-321.4461932666666
31,ACIX,gate20_loose,10.910013403999917,137.55371674206694,1.2540734077109639,6.669327381786171,-400.58008399999926,-219.11209634999977,259.7402282000008,-1.0637722975508392,0.1829117104006468,-28.497786619999914,7,137.93666935409607,-363.11688026666627
32,CCNS,raw,4.607542383999978,184.55255179884887,0.39474740953684734,0.6211773878200622,-823.4460039999994,-306.95520420000156,315.4705781999986,-2.9334625077798075,0.2901652469489826,-25.910031850000095,7,191.05913415106795,-584.039447666666
32,CCNS,gate20,1.135649536000004,146.64586192519764,0.122445976665378,0.016775300656857797,-823.4460039999994,-261.9375561500004,245.05533034999996,1.4600893751980066,-1.3167428599999411,-11.424666179999967,8,132.41162964670085,-510.3491896
32,CCNS,gate20_loose,4.607542383999978,184.55255179884887,0.39474740953684734,0.6211773878200622,-823.4460039999994,-306.95520420000156,315.4705781999986,-2.9334625077798075,0.2901652469489826,-25.910031850000095,7,191.05913415106795,-584.039447666666
33,MTNS,raw,25.78805218800005,160.55487660160742,2.5395983933804853,22.326364223989497,-457.5098930000004,-228.09614910000045,305.4328936000006,11.093715339565422,12.401881849038142,-9.781790830000045,1,164.92503789160858,-488.31617693333305
33,MTNS,gate20,22.188642096000105,132.82189693162067,2.6413810083504528,19.407027708037525,-457.5098930000004,-177.29425800000016,273.06023765000253,5.7458903622661515,4.368853310630192,-12.19068463999999,4,124.84048250871501,-441.7197899999994
33,MTNS,gate20_loose,25.78805218800005,160.55487660160742,2.5395983933804853,22.326364223989497,-457.5098930000004,-228.09614910000045,305.4328936000006,11.093715339565422,12.401881849038142,-9.781790830000045,1,164.92503789160858,-488.31617693333305
34,IHOZ,raw,-0.6891917759999924,156.56357684798374,-0.0696016212932035,-0.6891917759999924,-369.0332039999994,-265.28421884999966,277.52363989999947,-2.751540314731505,-1.9005930999999328,-22.057836020000003,8,158.35302710116588,-437.90386779999943
34,IHOZ,gate20,-1.8039544959999976,111.6624338221072,-0.25543975746352077,-1.8039544959999976,-344.94461299999966,-192.69907410000005,216.8075791999982,-1.680192519368125,-1.0574446500000512,-8.269567740000008,8,104.98088758106358,-380.8760302666664
34,IHOZ,gate20_loose,-0.6891917759999924,156.56357684798374,-0.0696016212932035,-0.6891917759999924,-369.0332039999994,-265.28421884999966,277.52363989999947,-2.751540314731505,-1.9005930999999328,-22.057836020000003,8,158.35302710116588,-437.90386779999943
35,NAYO,raw,29.780232527999885,290.16223367148075,1.6227708693567617,21.58395547100035,-689.3364670000028,-497.5313893500008,519.7513259499996,0.38439478442060326,1.6007242674863964,-47.76793844999984,4,280.84340556643576,-702.5268926666668
35,NAYO,gate20,-8.245208780000064,242.89825658415555,-0.5367193633887775,-8.245208780000064,-689.3364670000028,-495.15439434999905,465.39375920000174,-6.809659038573771,0.010093472607444443,-39.14217795000007,7,199.82820088717838,-593.7108046000006
35,NAYO,gate20_loose,29.780232527999885,290.16223367148075,1.6227708693567617,21.58395547100035,-689.3364670000028,-497.5313893500008,519.7513259499996,0.06229296777572794,1.6007242674863964,-48.941598269999886,4,280.64182224870507,-702.5268926666668
36,FWWG,raw,-2.448795803999929,124.60490772514028,-0.3107330363898924,-2.448795803999929,-316.73927399999957,-212.02940004999883,202.3208549499988,-0.27797178780530535,0.25195059204465176,-12.409086429999952,6,133.7944302237295,-324.18540546666685
36,FWWG,gate20,-4.216731176000016,82.0485703863937,-0.8125964129541782,-4.216731176000016,-304.17951599999833,-181.7996844499993,144.4114597000001,-3.0201440320571042,-2.812330709999951,-14.258684569999936,10,91.9657705089333,-282.1672431999998
36,FWWG,gate20_loose,-2.448795803999929,124.60490772514028,-0.3107330363898924,-2.448795803999929,-316.73927399999957,-212.02940004999883,202.3208549499988,-0.27797178780530535,0.25195059204465176,-12.409086429999952,6,133.7944302237295,-324.18540546666685
37,EELT,raw,7.065213540000061,311.8843052204409,0.35818036637127065,0.8033538589688576,-862.233282000001,-528.1540437999995,493.4214117000002,0.8301306452187399,2.19710785317254,-15.575381089999956,3,302.80865229049726,-783.9635517333336
37,EELT,gate20,1.0001261759999842,221.18798651837676,0.07149295749504046,0.005085892654497208,-863.1984600000014,-365.58304354999916,397.13030800000195,2.718951784384041,3.1422791409946536,-17.31541411000003,6,203.33686498709866,-651.0932568000006
37,EELT,gate20_loose,7.065213540000061,311.8843052204409,0.35818036637127065,0.8033538589688576,-862.233282000001,-528.1540437999995,493.4214117000002,0.8301306452187399,2.19710785317254,-15.575381089999956,3,302.80865229049726,-783.9635517333336
38,HRND,raw,6.115197832000012,246.13266785118256,0.3928359786709807,0.8175357714667933,-854.0426350000016,-392.57162750000015,448.1012962999988,-2.0146580770563136,-0.6923647799999526,-33.75885566999987,8,243.20822843556687,-729.8449574000003
38,HRND,gate20,6.232149860000008,179.5549449841499,0.5487954753582311,1.4425229449624564,-854.0426350000016,-268.3726933499988,359.7153329000004,-4.411114312666353,-5.8263458099999665,-26.48913867999998,8,177.67736922956556,-710.5649647333333
38,HRND,gate20_loose,6.115197832000012,246.13266785118256,0.3928359786709807,0.8175357714667933,-854.0426350000016,-392.57162750000015,448.1012962999988,-2.0146580770563136,-0.6923647799999526,-33.75885566999987,8,243.20822843556687,-729.8449574000003
39,AETS,raw,18.52382968000006,289.0691292086633,1.0132090710998103,9.383448193797534,-784.4431839999997,-461.0470277000013,532.8551558000003,8.270212974560446,4.160959711021649,-19.009595540000216,3,288.54541333017477,-759.8126800000005
39,AETS,gate20,0.9897307480000218,213.57320549744708,0.07327238046299822,0.005285331640835241,-742.5111099999995,-394.7121932999995,417.31728664999883,2.339206530920541,0.09711654407394323,-17.501765309999943,7,196.97140002245882,-609.9360066666669
39,AETS,gate20_loose,18.52382968000006,289.0691292086633,1.0132090710998103,9.383448193797534,-784.4431839999997,-461.0470277000013,532.8551558000003,8.270212974560446,4.160959711021649,-19.009595540000216,3,288.54541333017477,-759.8126800000005
40,ULXY,raw,42.9349526279999,269.9401853057279,2.5148579005037597,37.07313373424017,-752.2724879999987,-432.0977802500024,511.7547267000011,40.793721029886136,42.78956857869837,15.333129287196643,0,264.4652698117566,-682.8876049333331
40,ULXY,gate20,29.14024038399993,232.0300186811886,1.985724340799061,23.24510705480433,-676.6999999999971,-360.7457376000008,496.9032177000004,26.95392611270174,16.166880817251272,0.17511924036922225,0,220.51194063330192,-649.7097455999993
40,ULXY,gate20_loose,42.9349526279999,269.9401853057279,2.5148579005037597,37.07313373424017,-752.2724879999987,-432.0977802500024,511.7547267000011,40.793721029886136,42.78956857869837,15.333129287196643,0,264.4652698117566,-682.8876049333331
41,BLBT,raw,14.561629007999946,105.68632790301231,2.1785180269445994,12.027382740807557,-277.3909799999983,-156.99172799999994,197.5663632000025,7.26057262271242,7.574268849844205,-6.281295310000042,1,103.09500909068167,-242.88806879999962
41,BLBT,gate20,6.36551197599998,90.73158163906079,1.109289398112568,3.511691564760453,-277.3909799999983,-152.13784605000072,184.10828489999952,0.000733900316025915,0.06927361138061136,-13.479032040000055,7,80.87859074308277,-242.74316266666585
41,BLBT,gate20_loose,14.561629007999946,105.68632790301231,2.1785180269445994,12.027382740807557,-277.3909799999983,-156.99172799999994,197.5663632000025,7.26057262271242,7.574268849844205,-6.281295310000042,1,103.09500909068167,-242.88806879999962
42,BENI,raw,11.063251052000036,92.9680409742253,1.8815644217066692,8.626564401554582,-264.27260600000045,-126.4457682999996,202.25963864999892,6.424095508734196,7.935604587781166,-10.781221350000123,4,99.65268840691846,-270.6414314000004
42,BENI,gate20,4.65161545600011,78.99302395364704,0.9310758661951417,2.159993085504578,-264.27260600000045,-125.34716934999959,149.06653770000136,2.9508373195456374,2.994843445054004,-10.149368940000057,5,79.21181421508757,-235.3733198000003
42,BENI,gate20_loose,11.063251052000036,92.9680409742253,1.8815644217066692,8.626564401554582,-264.27260600000045,-126.4457682999996,202.25963864999892,6.424095508734196,7.935604587781166,-10.781221350000123,4,99.65268840691846,-270.6414314000004
43,ITPA,raw,6.108944227999942,138.0413139926148,0.699724499161617,2.007920277341826,-435.43624199999977,-216.6236694999994,247.98268099999936,-1.6508885171953338,5.7264325872004287e-05,-25.28112298999994,7,133.79115452217272,-386.6025403333336
43,ITPA,gate20,-4.671809912000047,111.47773075067126,-0.6626238270992968,-4.671809912000047,-435.43624199999977,-201.02301980000055,193.24368975000016,-5.262980828067301,-4.735571799999962,-14.170028719999937,10,95.2194504287588,-357.68154133333303
43,ITPA,gate20_loose,6.108944227999942,138.0413139926148,0.699724499161617,2.007920277341826,-435.43624199999977,-216.6236694999994,247.98268099999936,-1.6508885171953338,5.7264325872004287e-05,-25.28112298999994,7,133.79115452217272,-386.6025403333336
44,HTRK,raw,18.687083847999986,156.9968592265487,1.8820041393614948,14.572743814080122,-415.47999999999956,-268.23036644999934,298.74658785000037,8.07555730627656,7.894317616332377,-16.57989082000009,4,159.85309888491858,-440.0316220666666
44,HTRK,gate20,16.23444174399996,133.7378441512367,1.9193449983499424,12.76842134167398,-364.9845999999998,-204.2318787500002,270.20472740000076,7.884565807326577,2.1869627592203367,-6.340355600000041,3,119.37138786281052,-383.07056033333345
44,HTRK,gate20_loose,18.687083847999986,156.9968592265487,1.8820041393614948,14.572743814080122,-415.47999999999956,-268.23036644999934,298.74658785000037,8.07555730627656,7.894317616332377,-16.57989082000009,4,159.85309888491858,-440.0316220666666
45,NGTE,raw,25.937659131999922,188.09761545833376,2.1803062157466515,21.429690263856898,-410.3817250000002,-272.45479050000057,358.7069206500005,16.16796258018688,17.549299901497225,0.7081775909108654,0,191.2106328962382,-429.40604113333364
45,NGTE,gate20,21.70916306799996,175.3416526485158,1.957618180105302,17.21662274342554,-409.71337499999936,-247.3231702500009,350.36517235000036,12.199480677641512,9.556545665962739,0.9055108899744392,0,171.8332791525183,-421.24095373333296
45,NGTE,gate20_loose,25.937659131999922,188.09761545833376,2.1803062157466515,21.429690263856898,-410.3817250000002,-272.45479050000057,358.7069206500005,16.16796258018688,17.549299901497225,0.7081775909108654,0,191.2106328962382,-429.40604113333364
46,ILVX,raw,17.853012179999933,113.2444492415499,2.4926688222531324,15.378032630438021,-330.90962800000125,-170.06862835000024,204.68278139999993,3.970456349077113,5.2669696306922855,-20.49358862000001,5,121.12102240032458,-313.42441020000064
46,ILVX,gate20,12.192364759999895,95.18218975648334,2.025360143731388,9.802681358341024,-330.90962800000125,-154.4696070000007,185.2789289500002,0.4274123700225689,0.008673348220718682,-17.160343520000062,7,87.2741972577512,-290.4831798666666
46,ILVX,gate20_loose,17.853012179999933,113.2444492415499,2.4926688222531324,15.378032630438021,-330.90962800000125,-170.06862835000024,204.68278139999993,3.970456349077113,5.2669696306922855,-20.49358862000001,5,121.12102240032458,-313.42441020000064
47,FCSG,raw,20.564080376000042,219.6279218800154,1.4804431835961636,14.121118025992786,-564.4859439999982,-338.158224500001,445.05134599999946,-0.48843850341085265,4.034683158780864,-40.73332232999999,7,215.09844014991512,-575.6032827333331
47,FCSG,gate20,3.736429735999976,170.12291512638086,0.34726739411219143,0.4021020562316053,-553.2461650000005,-317.83865560000055,269.27098605000094,0.009517795554935067,1.2991361671732948,-18.413216080000012,6,143.22868272634057,-489.1755322000005
47,FCSG,gate20_loose,20.564080376000042,219.6279218800154,1.4804431835961636,14.121118025992786,-564.4859439999982,-338.158224500001,445.05134599999946,-0.48843850341085265,4.034683158780864,-40.73332232999999,7,215.09844014991512,-575.6032827333331
48,FARS,raw,5.115741471999958,124.89963773105397,0.6476157683874595,1.5115994500771541,-393.03999999999905,-214.33413545000067,211.36333004999992,-2.4890248938353636,-3.0946113599999077,-24.274441679999963,8,130.54599106844498,-362.8834353333332
48,FARS,gate20,0.8751154559999268,103.67587881015115,0.13346200139977374,0.015314859212049845,-393.03999999999905,-199.74245720000044,170.0052035499996,-0.5534492868975976,0.004241979401331557,-11.524407570000172,7,97.59878417382333,-325.8361377333326
48,FARS,gate20_loose,5.115741471999958,124.89963773105397,0.6476157683874595,1.5115994500771541,-393.03999999999905,-214.33413545000067,211.36333004999992,-2.4890248938353636,-3.0946113599999077,-24.274441679999963,8,130.54599106844498,-362.8834353333332
49,MHRM,raw,22.47077952399999,175.26140101133555,2.0272245824030093,18.073056457427246,-520.4494199999981,-287.2269679499999,331.4391939999993,9.342909426926603,2.0619289736322832,-9.201534279999905,5,189.2775976993145,-485.506456266666
49,MHRM,gate20,12.831405771999991,157.336892150402,1.2894772251686266,8.012553654769164,-520.4494199999981,-256.83089719999896,306.62573084999894,1.2164644070987238,0.7434185505647761,-17.470746580000014,6,139.71719353898334,-451.7268780000002
49,MHRM,gate20_loose,22.47077952399999,175.26140101133555,2.0272245824030093,18.073056457427246,-520.4494199999981,-287.2269679499999,331.4391939999993,9.342909426926603,2.0619289736322832,-9.201534279999905,5,189.2775976993145,-485.506456266666
50,EAFC,raw,16.592881348000002,186.78939533472393,1.4045577349446732,11.011281707163086,-589.5869899999998,-307.3111844999994,334.2409303999981,6.172114986219239,0.0177577692579367,-11.685029870000019,7,192.41802764046963,-515.4153908666665
50,EAFC,gate20,5.2299571439999974,145.95902664614508,0.5665486068293814,1.2707997463862029,-427.2238379999999,-292.9776373999997,279.3324726000015,-3.0260995395931336,-11.107172020000089,-19.759992710000077,11,135.73161847410177,-469.4511086000012
50,EAFC,gate20_loose,16.592881348000002,186.78939533472393,1.4045577349446732,11.011281707163086,-589.5869899999998,-307.3111844999994,334.2409303999981,6.172114986219239,0.0177577692579367,-11.685029870000019,7,192.41802764046963,-515.4153908666665
