vol_window,soft_cut,hard_cut,high_scale,full_score,full_mean,full_std,full_sharpe,full_dvolume,min_cv_score,avg_cv_score,cv_scores,avg_cv_sharpe
3,0.004,0.006,0.25,241.579829847261,270.9476859480012,1493.692625343288,2.868099499891302,29622071.410000008,172.8470824523797,234.18289294094546,"[np.float64(301.94486427336574), np.float64(258.27391470072877), np.float64(172.8470824523797), np.float64(203.66571033730764)]",3.1239825226154347
3,0.004,0.006,0.5,304.7208596801017,336.3341297255992,1712.8706284398074,3.1046766963136463,35024389.79000001,219.7120556789668,301.1686386225589,"[np.float64(393.8812928663206), np.float64(325.3098075217394), np.float64(219.7120556789668), np.float64(265.7713984232086)]",3.2986098306962313
3,0.004,0.006,0.75,364.4191587864938,401.70570787280195,2031.6715625113538,3.12625576251621,40429573.59000002,262.9726305522804,364.77579893188454,"[np.float64(483.49881694760205), np.float64(389.1333836962282), np.float64(262.9726305522804), np.float64(323.4983645314275)]",3.26688736940807
3,0.004,0.007,0.25,243.38945770592676,273.41518464800157,1518.408123194166,2.847109143964404,31777386.500000015,183.54135474383935,236.9411015070421,"[np.float64(298.77105163482713), np.float64(244.2827042560744), np.float64(183.54135474383935), np.float64(221.16929539342752)]",3.08252385834738
3,0.004,0.007,0.5,307.05602473899273,341.19910448160164,1798.9555045605211,2.9988687964664624,39353659.42,239.0634504738156,305.2836255995428,"[np.float64(387.01925018803723), np.float64(295.74861834003286), np.float64(239.0634504738156), np.float64(299.30318339628553)]",3.1698672260166103
3,0.004,0.007,0.75,366.79171776343287,408.9932459216011,2193.5142944601434,2.9481234929812574,46933542.54000001,290.83485832845497,369.86219635483366,"[np.float64(472.3844788579644), np.float64(343.56943344235674), np.float64(290.83485832845497), np.float64(372.66001479055853)]",3.0833315162206074
3,0.004,0.008,0.25,250.97634443858732,282.41863846959967,1580.5348525923173,2.8252656048134215,34739442.250000015,141.63820612680541,235.6231680276142,"[np.float64(387.52829691587186), np.float64(221.79441479757355), np.float64(141.63820612680541), np.float64(191.5317542702059)]",2.9742292007524878
3,0.004,0.008,0.5,319.4252532993039,359.2180931264013,2004.684582914297,2.8332321221589067,45309520.199999996,151.59110993133612,299.6783061291882,"[np.float64(561.8990593314866), np.float64(248.301641284963), np.float64(151.59110993133612), np.float64(236.921413968967)]",2.8969877425420543
3,0.004,0.008,0.75,383.07386751173067,436.1037117967992,2565.5394680179725,2.6877018313753465,55880384.180000015,156.97887641221706,359.1551215341572,"[np.float64(733.4232493016399), np.float64(270.31855225855475), np.float64(156.97887641221706), np.float64(275.89980816421706)]",2.7149298012798297
3,0.004,0.01,0.25,315.2477223053089,344.2001787311998,1649.2930369324138,3.2997669651601162,38507470.26000002,193.170575122251,304.65674931317693,"[np.float64(474.3782108808799), np.float64(288.0736610446243), np.float64(193.170575122251), np.float64(263.0045502049524)]",3.5037487259581295
3,0.004,0.01,0.5,445.56638469701574,483.4615496592,2229.295481843697,3.428974917163685,52883485.85999999,251.25913803337323,435.4677066257724,"[np.float64(734.2683611131155), np.float64(379.3382344882926), np.float64(251.25913803337323), np.float64(377.0050928683081)]",3.574287258906735
3,0.004,0.01,0.75,571.1755288665859,622.8177938360018,2961.0712713283588,3.325692993062273,67262496.44999994,304.5635416957503,561.7927600358072,"[np.float64(991.5838196516406), np.float64(466.51611808515423), np.float64(304.5635416957503), np.float64(484.50756071068366)]",3.4633947992959393
3,0.004,0.012,0.25,344.7754204615593,373.10141176400055,1690.9131711651144,3.4887961118240427,42012455.669999994,210.5763769946614,330.9952878489363,"[np.float64(518.6431627635906), np.float64(302.8546372029146), np.float64(210.5763769946614), np.float64(291.9069744345787)]",3.6522128486021437
3,0.004,0.012,0.5,503.5092033552328,541.6498770263992,2357.106071019114,3.633369169960537,59927918.32999999,285.6784967759462,487.1840244522431,"[np.float64(821.8420708521999), np.float64(407.92383950084104), np.float64(285.6784967759462), np.float64(433.29169067998515)]",3.7084778072101745
3,0.004,0.012,0.75,657.1677816875715,709.9043654328008,3179.711487171436,3.530060391833153,77849032.64999995,355.762025338575,638.4545943113776,"[np.float64(1122.0176689687987), np.float64(508.31570191462924), np.float64(355.762025338575), np.float64(567.7229810235077)]",3.585464549863114
3,0.004,999.0,0.25,344.9927844290787,374.941862560798,1746.7094114934343,3.394011242042223,43117643.83,197.68745094009577,329.74494667698815,"[np.float64(528.7471976446845), np.float64(281.06564733883016), np.float64(197.68745094009577), np.float64(311.47949078434215)]",3.463673974804154
3,0.004,999.0,0.5,502.3265912783457,545.1493498215988,2516.690087168271,3.424962054695959,62151391.550000004,257.9284451003975,482.68624081115655,"[np.float64(840.6523239811015), np.float64(360.96925525895824), np.float64(257.9284451003975), np.float64(471.19493890416885)]",3.3916169977792228
3,0.004,999.0,0.75,654.2786085662412,715.0251687584026,3444.8539829445085,3.2818635112222188,81186642.87999997,313.11019101047646,630.4659705258798,"[np.float64(1149.1128967026211), np.float64(435.3826333572338), np.float64(313.11019101047646), np.float64(624.2581610331878)]",3.2352408125742964
3,0.005,0.006,0.25,306.8255897392894,347.68938517280014,2006.2497623245001,2.7401632539901786,34549336.860000014,200.01423047468742,303.59943430293225,"[np.float64(430.03378923946656), np.float64(318.9575415428174), np.float64(200.01423047468742), np.float64(265.3921759547576)]",2.7636282017419025
3,0.005,0.006,0.5,347.0712356545535,387.49013969279963,2090.8054125989734,2.930333461216013,38325262.28000001,236.81289988063514,346.4215415236639,"[np.float64(478.13315572397664), np.float64(364.7306414952395), np.float64(236.81289988063514), np.float64(306.00946899480437)]",2.985040044216129
3,0.005,0.006,0.75,385.2863152451768,427.2254623464006,2228.6667713714724,3.0309724916878236,42104145.390000015,271.4129017470785,387.1791605134471,"[np.float64(525.2998947932917), np.float64(408.60970186686336), np.float64(271.4129017470785), np.float64(343.3941436465547)]",3.1172878311672543
3,0.005,0.007,0.25,308.85043800193085,350.1588750792011,2024.7919882373965,2.734353935133268,36699189.95000002,211.340129335618,306.5106407580188,"[np.float64(427.06540890585154), np.float64(304.7897230344622), np.float64(211.340129335618), np.float64(282.8473017561434)]",2.7668365089828137
3,0.005,0.007,0.5,349.8676707644728,392.3592794680004,2161.989659985664,2.869460958082582,42643305.57,257.28148943491726,350.9327462752295,"[np.float64(471.66768584085395), np.float64(335.13477643185587), np.float64(257.28148943491726), np.float64(339.64703339329094)]",2.938996767905511
3,0.005,0.007,0.75,388.05983640086004,434.51919316160075,2377.2027115292854,2.8900992136370265,48591510.28,300.1429891996326,392.6266404676611,"[np.float64(514.5229015476037), np.float64(363.1418159727528), np.float64(300.1429891996326), np.float64(392.6988551506551)]",2.991591380665654
3,0.005,0.008,0.25,316.9844968849008,359.162328900801,2071.49504401708,2.741428255735875,39661245.7,169.52544998881447,305.46070763173253,"[np.float64(516.4409673475536), np.float64(282.06975031670646), np.float64(169.52544998881447), np.float64(253.80666287385563)]",2.7325432459132264
3,0.005,0.008,0.5,363.30590354108307,410.3782681128024,2335.6143693266413,2.7781341956845402,48599166.34999998,170.50991662615914,346.1194939563157,"[np.float64(647.8898087441459), np.float64(287.8207273573081), np.float64(170.50991662615914), np.float64(278.2575230976497)]",2.7783018005115823
3,0.005,0.008,0.75,405.1931943418786,461.6296590367998,2724.034084591591,2.679484016555694,57538351.92000001,167.0281808265568,382.6263864404152,"[np.float64(776.5505155512135), np.float64(290.23728366211617), np.float64(167.0281808265568), np.float64(296.68956572177456)]",2.689353527020297
3,0.005,0.01,0.25,382.1118850478855,420.9455163960001,2121.800860332333,3.136832083380857,43424651.769999996,223.44628972779924,376.01890383164704,"[np.float64(603.8848666402602), np.float64(351.7880257528964), np.float64(223.44628972779924), np.float64(324.9564332056323)]",3.1786711528459093
3,0.005,0.01,0.5,490.73249671327386,534.6245648088013,2528.0725152544483,3.3437160280624973,56165023.88999997,273.23964005686867,483.9781563431541,"[np.float64(821.1123980526553), np.float64(423.3255969630191), np.float64(273.23964005686867), np.float64(418.23499030007343)]",3.4332422420997064
3,0.005,0.01,0.75,594.1037063047778,648.3479471207992,3097.5892697781,3.309438486889848,68908437.50999996,316.42477915930834,586.5390350050122,"[np.float64(1035.2197150774339), np.float64(489.23612045283886), np.float64(316.42477915930834), np.float64(505.2755253304681)]",3.432278521579481
3,0.005,0.012,0.25,412.0756259991235,449.8480293360013,2153.449404047417,3.3029435726846628,46925971.85999998,241.43093290066636,402.8519463570703,"[np.float64(648.6098160505444), np.float64(367.52957616457434), np.float64(241.43093290066636), np.float64(353.8374603124959)]",3.325230084487089
3,0.005,0.012,0.5,549.2286871657705,592.8153831663989,2640.522286020639,3.549765235302029,63202297.779999964,308.2387630735908,536.2951158819471,"[np.float64(909.2384317553276), np.float64(453.0629905893089), np.float64(308.2387630735908), np.float64(474.64027810956134)]",3.5919302363015992
3,0.005,0.012,0.75,680.418186077805,735.4383034232017,3306.65624997236,3.516634239447727,79484115.28999995,367.92223522418635,663.5508754509381,"[np.float64(1165.9738078046032), np.float64(531.7243200308727), np.float64(367.92223522418635), np.float64(588.5831387440898)]",3.5674137635980303
3,0.005,999.0,0.25,412.62402013983547,451.6884801327996,2197.4686015561915,3.250022296263595,48031160.01999998,228.79633115834602,401.8984393511273,"[np.float64(659.2463423976733), np.float64(346.205029758616), np.float64(228.79633115834602), np.float64(373.34605408987375)]",3.247213077619512
3,0.005,999.0,0.5,548.4987972797413,596.3148559615976,2783.842632620235,3.386888909124501,65425770.999999985,280.92942353197606,532.3120145776443,"[np.float64(928.6831767645303), np.float64(407.10492443043734), np.float64(280.92942353197606), np.float64(512.5305335836335)]",3.364564760230902
3,0.005,999.0,0.75,677.8221217992646,740.5591067488017,3562.3261879129996,3.2869723261894332,82821725.51999997,325.5599383701035,655.9156751055135,"[np.float64(1193.4582704563798), np.float64(459.53487566673067), np.float64(325.5599383701035), np.float64(645.1096159288403)]",3.2505626914451353
3,0.006,0.007,0.25,423.996832356585,469.3284818856018,2426.422197551672,3.0583032397352863,48091919.46999999,316.0002203408016,429.41936076641065,"[np.float64(568.1707977938947), np.float64(437.02136665500257), np.float64(316.0002203408016), np.float64(396.4850582759436)]",3.1790885030569074
3,0.006,0.007,0.5,425.0104124426994,471.73074579600103,2472.961577224201,3.0161075141322744,50252892.86999999,325.47277170923775,431.2718725406068,"[np.float64(564.8300334207244), np.float64(421.79023089807373), np.float64(325.47277170923775), np.float64(412.99445413439145)]",3.139378498515825
3,0.006,0.007,0.75,425.02814599484157,474.1575679352013,2548.911007320598,2.94129116351033,52416294.609999985,333.8538072097284,432.2467284387034,"[np.float64(560.5258924432744), np.float64(405.85049073215265), np.float64(333.8538072097284), np.float64(428.75672336965846)]",3.066507061895043
3,0.006,0.008,0.25,432.4038607938513,478.33463441280185,2464.9546335170294,3.068265249024434,51046793.959999986,275.17998194144457,428.8361854867756,"[np.float64(657.1088673519309), np.float64(414.83689873611064), np.float64(275.17998194144457), np.float64(368.2189939176162)]",3.1601849058367586
3,0.006,0.008,0.5,439.26447553731714,489.75544467600247,2625.3855431004754,2.9495528870318797,56193609.06999998,240.19494530450186,427.43602368600847,"[np.float64(741.0846112616432), np.float64(375.351722902368), np.float64(240.19494530450186), np.float64(353.11281527552063)]",3.0164329708041357
3,0.006,0.008,0.75,443.0027459643531,501.2760070663998,2874.6063117488598,2.7572017640218895,61341760.39000001,201.75588086375134,423.10497237899165,"[np.float64(822.8245227470584), np.float64(333.7006896272449), np.float64(201.75588086375134), np.float64(334.1387962779121)]",2.7983342115202356
3,0.006,0.01,0.25,497.34147089735507,540.119841743202,2504.6377348513242,3.409692518785747,54805006.80999999,329.0102595649581,499.1468968397154,"[np.float64(744.2959617472723), np.float64(484.0339957928352), np.float64(329.0102595649581), np.float64(439.24737025379596)]",3.5453838736296754
3,0.006,0.01,0.5,567.0178893312284,614.0052430264009,2794.693576180411,3.4738246078168618,63750425.20999997,343.70012051055676,565.656280070087,"[np.float64(914.3813220777023), np.float64(511.0070489534303), np.float64(343.70012051055676), np.float64(493.5366287386588)]",3.615759779552303
3,0.006,0.01,0.75,632.3000249805609,687.9997059439994,3228.6651893963317,3.3692655829635703,72697888.09999998,352.1154439421429,627.5252346296396,"[np.float64(1081.63702660004), np.float64(533.155206065932), np.float64(352.1154439421429), np.float64(543.1932619104435)]",3.5124996893091556
3,0.006,0.012,0.25,527.3201878693665,569.0250054640039,2530.2140903533464,3.555855351759423,58298765.339999974,346.88643608854727,526.0040656800894,"[np.float64(789.042845375263), np.float64(499.81058732485945), np.float64(346.88643608854727), np.float64(468.276393931688)]",3.6751923904025974
3,0.006,0.012,0.5,625.7648552322365,672.2014050559998,2895.3015876424843,3.670925846576897,70772608.79999997,378.706986996219,618.2245455658458,"[np.float64(1002.7300005967104), np.float64(541.0453453498517), np.float64(378.706986996219), np.float64(550.4158493206021)]",3.769211188278718
3,0.006,0.012,0.75,718.8304817709031,775.0980417632,3428.802282993939,3.5742440356867275,83250777.91999997,403.6512541351424,704.7607924420738,"[np.float64(1212.5815015795486), np.float64(575.9316006988051), np.float64(403.6512541351424), np.float64(626.8788133547994)]",3.647702489963266
3,0.006,999.0,0.25,528.1265536441216,570.8662113728016,2567.738902518204,3.5152278633134353,59402065.719999984,334.683792670413,525.410435189445,"[np.float64(799.9516747726595), np.float64(479.2062966678397), np.float64(334.683792670413), np.float64(487.79997664686795)]",3.6065229629686204
3,0.006,999.0,0.5,625.5057863468003,675.7022017791975,3026.5372611911243,3.530037454044098,72992772.19999996,352.03249889814253,614.8488508976485,"[np.float64(1022.6370232709936), np.float64(496.28987141054415), np.float64(352.03249889814253), np.float64(588.4360100109138)]",3.559084952177702
3,0.006,999.0,0.75,716.5938970346526,780.2206900408007,3675.9613087969346,3.3559581438095565,86583775.76999998,361.6818913151637,697.5582814079909,"[np.float64(1240.4016568209013), np.float64(504.65208058589394), np.float64(361.6818913151637), np.float64(683.4974969100044)]",3.338881861576433
3,0.007,0.008,0.25,432.6383805797121,485.61365402560074,2686.7977445727456,2.857761088827495,57605866.04,300.2019818680978,431.84837909146563,"[np.float64(645.1261946672319), np.float64(366.5468877426626), np.float64(300.2019818680978), np.float64(415.5184520878701)]",2.955984743256418
3,0.007,0.008,0.5,438.64608940348006,494.6362345272014,2794.1813999400033,2.798989919532,60581055.85,255.93159021139365,428.74508081194415,"[np.float64(732.7398838236585), np.float64(342.15663884104015), np.float64(255.93159021139365), np.float64(384.15221037168425)]",2.8698627797093863
3,0.007,0.008,0.75,442.38853994286217,503.734236837599,2965.9347451313897,2.685405547826609,63554729.61000002,209.24687114880402,423.46201630004754,"[np.float64(818.587771470767), np.float64(316.5866758545892), np.float64(209.24687114880402), np.float64(349.42674672602993)]",2.7283700640381965
3,0.007,0.01,0.25,498.0924805125178,547.3995182119999,2723.16450849347,3.178341341901511,61362436.75,354.51795653302,502.6226173850887,"[np.float64(732.8375936270127), np.float64(436.73849173080765), np.float64(354.51795653302), np.float64(486.39642764951435)]",3.3177915567431002
3,0.007,0.01,0.5,567.2080618540622,618.8876145576015,2953.7244053923423,3.3129266801220774,68133917.78999999,360.4892960817335,567.7302238361528,"[np.float64(906.6690345189525), np.float64(479.1764644291329), np.float64(360.4892960817335), np.float64(524.5861003147926)]",3.456649802074131
3,0.007,0.01,0.75,632.3266859557415,690.4599735791967,3310.16923902747,3.29805818377346,74905762.65999998,360.5310674776208,628.5026195901826,"[np.float64(1077.826931429509), np.float64(517.0676766541073), np.float64(360.5310674776208), np.float64(558.5848027994933)]",3.4416371193353923
3,0.007,0.012,0.25,528.305780702868,576.3056878288021,2746.631695147525,3.3175882395675687,64853680.539999984,372.52528013831505,529.6224050748598,"[np.float64(777.8306329427102), np.float64(452.72094456241985), np.float64(372.52528013831505), np.float64(515.412762655994)]",3.4428894920401025
3,0.007,0.012,0.5,626.286058810192,677.0855786319985,3048.997017309071,3.5112080910132075,75151426.93999998,395.7212268146431,620.5075274012387,"[np.float64(995.2849476973677), np.float64(509.4635862540133), np.float64(395.7212268146431), np.float64(581.5603488389307)]",3.6161182166163637
3,0.007,0.012,0.75,719.0953525322036,777.5609887551987,3505.5935950107705,3.5070576173725674,85451784.76000004,412.2278822770763,705.8897718174596,"[np.float64(1208.940771862471), np.float64(560.0141346232949), np.float64(412.2278822770763), np.float64(642.3762985069967)]",3.5846529267947034
3,0.007,999.0,0.25,529.1656181103637,578.1478583935998,2781.201394366772,3.2868242849571385,65954569.27999999,360.3851671080621,528.9863608661847,"[np.float64(788.8108884189381), np.float64(431.8366176595274), np.float64(360.3851671080621), np.float64(534.9127702782109)]",3.3907468893407864
3,0.007,999.0,0.5,626.1235887656774,680.5889513871958,3173.8402660002753,3.390547501373476,77365150.25999999,369.2220842662489,617.1110437175244,"[np.float64(1015.2707297652295), np.float64(464.3539368708656), np.float64(369.2220842662489), np.float64(619.5974239677537)]",3.4363639402170616
3,0.007,999.0,0.75,716.9385039294376,782.6871142967991,3747.662945525505,3.3021565872105962,88776089.45000003,370.42023884538503,698.6931637869333,"[np.float64(1236.813524202021), np.float64(488.52109881977526), np.float64(370.42023884538503), np.float64(699.0177932805519)]",3.2946448684852943
3,0.008,0.01,0.25,510.2272718618587,574.4387660688022,3222.094688328624,2.818872585672431,70364814.34000002,215.83666905118554,487.9189374099971,"[np.float64(990.0972320906615), np.float64(360.974679993326), np.float64(215.83666905118554), np.float64(384.76716850481563)]",2.878744955742313
3,0.008,0.01,0.5,574.0672945074867,636.9080231848038,3331.853732048609,3.022461631382811,74150867.90999998,266.76678336562037,556.8272432899576,"[np.float64(1076.8296279132246), np.float64(428.35064511524934), np.float64(266.76678336562037), np.float64(455.361916765736)]",3.11801778792715
3,0.008,0.01,0.75,635.2530241138002,699.3864609040003,3513.6306856241895,3.147249069445171,77937801.22,313.0875808217395,622.5677837291419,"[np.float64(1162.406575071058), np.float64(491.3486188826925), np.float64(313.0875808217395), np.float64(523.4283601410776)]",3.2685746806589147
3,0.008,0.012,0.25,540.8873979091652,603.3457760936017,3241.740158225676,2.9427819257143035,73853957.11000003,234.3344484972165,515.349270178844,"[np.float64(1035.0749612753675), np.float64(377.2784354698595), np.float64(234.3344484972165), np.float64(414.7092354729325)]",2.9928099677600715
3,0.008,0.012,0.5,633.8625236644287,695.1074564592,3416.32748598642,3.2170844130048515,81164704.05999997,302.76056939599124,610.3035045026116,"[np.float64(1165.7888637862327), np.float64(459.0281241398291), np.float64(302.76056939599124), np.float64(513.6364606883935)]",3.281616395967294
3,0.008,0.012,0.75,722.5857161851272,786.4897515760032,3698.1330152672376,3.362641312646847,88478134.58000003,365.3071812410411,700.482296381077,"[np.float64(1293.8966605928713), np.float64(534.5527634236072), np.float64(365.3071812410411), np.float64(608.1725802667884)]",3.4247079469628545
3,0.008,999.0,0.25,541.8688969272855,605.1889461303982,3271.029805673844,2.925340944936389,74952347.17000003,221.96584529468743,514.7853975634268,"[np.float64(1046.367107126552), np.float64(355.99743534918036), np.float64(221.96584529468743), np.float64(434.8112024832875)]",2.9545427898761214
3,0.008,999.0,0.5,633.9395907336408,698.6128379823957,3528.133115938892,3.130845263006263,83373405.45999996,275.96511224323723,607.0706577064522,"[np.float64(1186.457029710968), np.float64(413.4049399077153), np.float64(275.96511224323723), np.float64(552.455548963888)]",3.1378902249050853
3,0.008,999.0,0.75,720.6356068035935,791.6188511496023,3928.3140129909516,3.186250640962076,91795004.19000006,323.38823182013624,693.4577678484569,"[np.float64(1322.3515750227148), np.float64(462.73133618233925), np.float64(323.38823182013624), np.float64(665.3599283686375)]",3.162865339401632
3,0.01,0.012,0.25,724.6863495585757,790.6696632704022,3772.3076205518905,3.3140417805680573,85290676.88000005,374.3891123269065,713.0952457984167,"[np.float64(1291.6849987500116), np.float64(567.7569523426603), np.float64(374.3891123269065), np.float64(618.5499197740885)]",3.4470822313396368
3,0.01,0.012,0.5,754.1506499803469,819.9673774192016,3830.0607797305174,3.385017456383598,88800776.82000002,392.1763419218762,739.4581093713005,"[np.float64(1335.8943390677903), np.float64(582.6658379829524), np.float64(392.1763419218762), np.float64(647.0959185125832)]",3.4989976561204488
3,0.01,0.012,0.75,781.8901003465361,848.8773067128039,3928.601732999548,3.4164645918335825,92310556.85000004,408.4865465694401,764.0658048037385,"[np.float64(1378.550511911837), np.float64(595.3414691124577), np.float64(408.4865465694401), np.float64(673.8846916212194)]",3.5023075046550316
3,0.01,999.0,0.25,725.8655709979805,792.5164182672007,3797.108534202148,3.300086028920456,86379426.86000006,362.2680097771942,712.7360971830915,"[np.float64(1303.1473671734714), np.float64(547.2131561974951), np.float64(362.2680097771942), np.float64(638.3158555842058)]",3.4194079737946415
3,0.01,999.0,0.5,754.734436883354,823.480169926397,3929.605384866653,3.313402606504053,90989595.40000002,366.0529536356547,736.8077115400663,"[np.float64(1357.0406264816475), np.float64(538.4728976018877), np.float64(366.0529536356547), np.float64(685.664368441075)]",3.3813142910729588
3,0.01,999.0,0.75,780.4544715057148,854.0174760400033,4145.650681707918,3.257197232983076,95597553.18000007,367.24607025831597,757.64613358462,"[np.float64(1407.496965331548), np.float64(524.8390292616153), np.float64(367.24607025831597), np.float64(731.0024694870006)]",3.264892747977421
5,0.004,0.006,0.25,96.67896244826831,109.70315816000054,636.6468593714907,2.724523345970526,8860886.479999999,82.7270147412386,99.0866465672033,"[np.float64(125.61606910859484), np.float64(82.7270147412386), np.float64(95.50301701256099), np.float64(92.50048540641878)]",2.8050836255426823
5,0.004,0.006,0.5,149.58181220426297,167.79042032080127,925.6272801061082,2.866163893256839,13462585.749999996,119.33649209970173,154.1826499273042,"[np.float64(211.3658053065505), np.float64(130.03882202858605), np.float64(119.33649209970173), np.float64(155.98948027437856)]",2.9344498002115964
5,0.004,0.006,0.75,200.43960831158947,225.8465082975994,1271.3568026655817,2.808768420946546,18061815.520000003,140.70614473664097,207.35123522702614,"[np.float64(295.30778688741924), np.float64(175.40876751644313), np.float64(140.70614473664097), np.float64(217.98224176760132)]",2.874039913130962
5,0.004,0.007,0.25,152.66720649150324,165.25987080479982,750.4527388891007,3.48188213918664,12873754.900000008,119.96107698742958,155.22193059532978,"[np.float64(173.59937949165578), np.float64(177.0128259770846), np.float64(150.31443992514917), np.float64(119.96107698742958)]",3.5749766085133023
5,0.004,0.007,0.5,259.51838055256576,279.54286909839993,1227.7645160305096,3.6000069983586194,21527765.309999995,209.35040543187,264.67794347352475,"[np.float64(305.57358603057065), np.float64(317.17240028448083), np.float64(226.61538214717754), np.float64(209.35040543187)]",3.7304201149807037
5,0.004,0.007,0.75,364.84368985322203,393.951689187999,1759.4046272165517,3.5403585014883334,30180162.069999993,297.50338817814423,372.67879614771135,"[np.float64(436.2073165001118), np.float64(456.3658353370649), np.float64(300.63864457552444), np.float64(297.50338817814423)]",3.684756113459029
5,0.004,0.008,0.25,201.24723193409378,214.03836931120009,853.2008152842662,3.966526646286474,16648390.930000003,116.79757075542454,199.7060638194068,"[np.float64(281.8962268624658), np.float64(219.7108714679814), np.float64(180.41958619175543), np.float64(116.79757075542454)]",4.05500373901316
5,0.004,0.008,0.5,355.8660021683177,377.65673293279826,1477.6102115690946,4.041172158986934,29113842.140000008,202.24212150260348,352.85040388992115,"[np.float64(521.1698211183864), np.float64(402.0581728442594), np.float64(285.9315000944356), np.float64(202.24212150260348)]",4.183758638363283
5,0.004,0.008,0.75,509.27759595780185,541.4470255911989,2151.643775427256,3.9788320277404403,41580834.389999986,286.53504519075886,504.7704207484862,"[np.float64(759.5439128993454), np.float64(583.6514712323733), np.float64(389.3512536714672), np.float64(286.53504519075886)]",4.133514522283523
5,0.004,0.01,0.25,200.59161248852746,218.76212712480023,1041.0446845742113,3.3225595296162167,22717894.340000007,82.89583715624464,197.52504639181475,"[np.float64(358.90036158881725), np.float64(198.00649582977465), np.float64(82.89583715624464), np.float64(150.29749099242247)]",3.386389015003677
5,0.004,0.01,0.5,353.0291917324943,387.14957740959807,1903.0511022490211,3.2166095233574024,41308662.21999999,86.39331960710739,346.6566165933739,"[np.float64(674.7727573235428), np.float64(356.3445879509222), np.float64(86.39331960710739), np.float64(269.1158014919234)]",3.2921838791326614
5,0.004,0.01,0.75,504.03448538874574,555.4855398136,2806.1428560543486,3.129918188785715,59904867.08999997,89.67828404639022,494.9983033296311,"[np.float64(989.985741295664), np.float64(513.849446783682), np.float64(89.67828404639022), np.float64(386.47974119278825)]",3.206016449048239
5,0.004,0.012,0.25,198.32015991772002,219.6251162072008,1138.1746286535,3.0510063267512444,25978477.85,97.6748267385928,192.98847419338037,"[np.float64(352.07161895867307), np.float64(177.4234567828633), np.float64(97.6748267385928), np.float64(144.78399429339234)]",3.0342735462669506
5,0.004,0.012,0.5,347.76960530243656,388.93644413279696,2115.8096423854513,2.906511540234315,47865624.26,114.55180166891105,336.81913806879413,"[np.float64(660.8424375208053), np.float64(314.65764754463424), np.float64(114.55180166891105), np.float64(257.22466554082564)]",2.88736412202923
5,0.004,0.012,0.75,495.3731930945725,557.8144854528006,3131.3346463321923,2.8166332971339942,69754856.71999997,129.8980013519153,479.12690668143864,"[np.float64(968.5603693460502), np.float64(450.0371123730263), np.float64(129.8980013519153), np.float64(368.01214365476284)]",2.795529461875244
5,0.004,999.0,0.25,238.3785162825092,258.8404732816003,1199.063594376272,3.4131861314311474,28154531.82000001,153.7695779782761,231.80735399905655,"[np.float64(397.01453667101345), np.float64(158.74157564927825), np.float64(153.7695779782761), np.float64(217.70372569765848)]",3.3777150008637915
5,0.004,999.0,0.5,428.1319441761093,467.7507328871977,2249.8121674045246,3.2872915227474055,52242061.51,226.75895364400805,414.54833964010555,"[np.float64(750.8145710138677), np.float64(276.3762499898654), np.float64(226.75895364400805), np.float64(404.24358391268106)]",3.2458275498041633
5,0.004,999.0,0.75,616.3045052434883,676.3054603664013,3336.5244278702107,3.2049303024760523,76329743.17999999,296.9942950530812,595.637158852852,"[np.float64(1103.835170213783), np.float64(392.34410487913283), np.float64(296.9942950530812), np.float64(589.3750652654114)]",3.1618472091991934
5,0.005,0.006,0.25,160.64186325588938,187.89741892800066,1223.7394836345447,2.4277381674184895,13729399.840000004,141.83896919238958,184.77087142121596,"[np.float64(185.49303245777065), np.float64(141.83896919238958), np.float64(216.13250606895608), np.float64(195.61897796574746)]",2.7177891348396424
5,0.005,0.006,0.5,192.43343810766922,219.9554716200005,1315.2392607300878,2.644234759801889,16708923.55,170.25765242907372,211.582822309755,"[np.float64(251.82011936083285), np.float64(170.25765242907372), np.float64(199.40682588418173), np.float64(224.8466915649317)]",2.853606176916714
5,0.005,0.006,0.75,222.17545688807664,251.92751518479884,1457.6594572982585,2.7326847476680904,19684943.990000006,180.96269119647616,236.35616398649032,"[np.float64(315.7964048846079), np.float64(195.94283355827255), np.float64(180.96269119647616), np.float64(252.72272630660464)]",2.860915983250925
5,0.005,0.007,0.25,219.08200431977565,243.45568902879916,1283.9472266958637,2.9980768315450255,17738374.62000001,227.10653602085105,243.04358453198745,"[np.float64(234.79971086313574), np.float64(238.13655981871327), np.float64(272.13153142524976), np.float64(227.10653602085105)]",3.3236239627586532
5,0.005,0.007,0.5,305.38608399432246,331.71104406959967,1539.888142088622,3.4059695494169695,24766293.929999996,283.3438881514651,324.8024509057234,"[np.float64(347.5212892706292), np.float64(359.36912684497105), np.float64(308.9754993558282), np.float64(283.3438881514651)]",3.6673382294436943
5,0.005,0.007,0.75,388.3658228688462,420.03733307359846,1896.5826835108978,3.5017578889745065,31791546.62,335.5548105008759,403.35255778176366,"[np.float64(457.52588062254017), np.float64(477.85454605049887), np.float64(342.4749939531398), np.float64(335.5548105008759)]",3.6993815298844686
5,0.005,0.008,0.25,269.4521231329661,292.2352147879983,1343.5940623054787,3.4390182167554326,21510301.109999996,225.66673110936657,288.9113055634369,"[np.float64(345.1556382714679), np.float64(281.9568849422831), np.float64(302.8659679306299), np.float64(225.66673110936657)]",3.7765626891250057
5,0.005,0.008,0.5,403.3132577008776,429.8269738735993,1742.5198048899313,3.900191646040197,32346923.020000003,278.20392401203145,414.2778440694228,"[np.float64(564.7214210258662), np.float64(445.12423924455936), np.float64(369.06179199523433), np.float64(278.20392401203145)]",4.170821722622214
5,0.005,0.008,0.75,533.5885680983299,567.5354910031969,2263.3930531452775,3.9646335444436556,43184740.89999998,325.77728034433244,536.1316725641086,"[np.float64(781.6107887823467), np.float64(605.54909889301), np.float64(431.5895222367455), np.float64(325.77728034433244)]",4.170034046120922
5,0.005,0.01,0.25,270.4566144721297,296.9589726015985,1469.8056478396663,3.194526862870739,27579804.520000007,209.56854957648332,289.33702293090454,"[np.float64(423.4130782165953), np.float64(262.22482659598757), np.float64(209.56854957648332), np.float64(262.14163733455206)]",3.4776656399257018
5,0.005,0.01,0.5,402.04341728285317,439.31981835039824,2115.101969859718,3.284123571902388,44541743.09999999,173.2684743977369,410.3406240147537,"[np.float64(719.1387289176547), np.float64(401.25078309432905), np.float64(173.2684743977369), np.float64(347.70450964929404)]",3.4652325726582847
5,0.005,0.01,0.75,529.2078879413083,581.5740052255978,2892.590952535606,3.1789812570066767,61508773.599999964,131.66367936618659,526.9735543700807,"[np.float64(1012.4183345537948), np.float64(536.7681833203967), np.float64(131.66367936618659), np.float64(427.04402023994476)]",3.2950151935810417
5,0.005,0.012,0.25,269.03875710501654,297.8224720519986,1540.2579782159705,3.0572714551266573,30839112.109999996,225.26957120766843,285.6864109176758,"[np.float64(417.01689296639216), np.float64(242.5945890877236), np.float64(225.26957120766843), np.float64(257.8645904089189)]",3.2709752952040105
5,0.005,0.012,0.5,397.5535477140137,441.10780998559807,2308.5126878968904,3.021220937091853,51095892.85999999,202.75637889571422,401.45171956427635,"[np.float64(705.5757847138066), np.float64(360.46263476408404), np.float64(202.75637889571422), np.float64(337.01207988350063)]",3.1052402774314025
5,0.005,0.012,0.75,520.9616658136281,583.9047417448,3209.0989159415403,2.876927400575653,71354286.02999996,173.5481781114592,511.8573781349711,"[np.float64(991.1914425812456), np.float64(473.4526063424345), np.float64(173.5481781114592), np.float64(409.23728550474493)]",2.8932263627326322
5,0.005,999.0,0.25,309.68225355570405,337.0378291263981,1583.8477145996414,3.3646138699245673,33015166.080000002,224.64395114425724,324.81238131848625,"[np.float64(462.46037777613947), np.float64(224.64395114425724), np.float64(280.75544512897034), np.float64(331.38975122457805)]",3.5323882716378705
5,0.005,999.0,0.5,478.13623521488836,519.9220987399989,2430.2286883717443,3.382681732258973,55472330.110000014,315.0880044296307,479.39212501427005,"[np.float64(795.8172615066986), np.float64(322.8499224826859), np.float64(315.0880044296307), np.float64(483.8133116380649)]",3.4274567097203343
5,0.005,999.0,0.75,641.9231730161861,702.3957166583999,3408.705256097083,3.25808498610118,77929172.49000001,342.1738121831155,628.7730748948544,"[np.float64(1126.5740497218303), np.float64(416.1107603306173), np.float64(342.1738121831155), np.float64(630.2336773438548)]",3.2460518666512352
5,0.006,0.007,0.25,309.29338059859384,339.57100999919794,1679.8721588588767,3.19612957836837,26668385.810000002,219.19379953245843,318.99776035959945,"[np.float64(427.4855433458029), np.float64(318.00448124498445), np.float64(219.19379953245843), np.float64(311.30721731515195)]",3.2609488569694327
5,0.006,0.007,0.5,364.9356610230397,395.7693098439996,1818.9318460693917,3.4402950550468065,30714287.669999998,273.5819408673677,375.02105135247814,"[np.float64(474.94114179762084), np.float64(412.527344959947), np.float64(273.5819408673677), np.float64(339.03377778497696)]",3.5238375610358226
5,0.006,0.007,0.75,418.2186111004521,452.12462465919754,2035.4706921377594,3.5120712022392255,34760846.48,324.784386008617,428.543023918624,"[np.float64(521.1553421008973), np.float64(504.6987549624198), np.float64(324.784386008617), np.float64(363.53361260256185)]",3.6275071645231978
5,0.006,0.008,0.25,360.0018909105696,388.35210115839595,1723.1433748912573,3.563479370514211,30436398.799999997,250.94840592377088,365.416972767693,"[np.float64(537.6767555605726), np.float64(362.87002361441716), np.float64(250.94840592377088), np.float64(310.1727059720112)]",3.613692820302073
5,0.006,0.008,0.5,463.7650628315366,493.88809035999867,1990.209766555683,3.923735329345618,38287789.980000004,334.518112443623,465.5465807526406,"[np.float64(693.1314587187125), np.float64(499.74412610280314), np.float64(334.7926257454236), np.float64(334.518112443623)]",4.007802150895977
5,0.006,0.008,0.75,564.1098174854524,599.6270965711952,2378.9716642638105,3.9853088634948213,46143087.49999999,354.26428554409364,562.0634736312953,"[np.float64(846.0708685447813), np.float64(633.3228160302913), np.float64(414.59592440601494), np.float64(354.26428554409364)]",4.112185095843386
5,0.006,0.01,0.25,361.9286294962954,393.0775931559954,1823.3020673260446,3.4087069658537303,36501566.75,154.96611757658394,365.6816242721486,"[np.float64(616.4526503554019), np.float64(344.66203990108716), np.float64(154.96611757658394), np.float64(346.64568925552146)]",3.463751065738911
5,0.006,0.01,0.5,463.85560344419815,503.38396000159787,2323.4447665367156,3.4256029541277053,50474872.69999999,137.12808613842918,461.98475425084564,"[np.float64(848.4790926052127), np.float64(457.93577985885366), np.float64(137.12808613842918), np.float64(404.39605840088717)]",3.500725199712469
5,0.006,0.01,0.75,560.6475413597387,613.6696203951957,2983.925967332505,3.251745774769573,64456747.29999995,115.00157049036358,553.5490262483904,"[np.float64(1077.4566288811488), np.float64(565.9055379459971), np.float64(115.00157049036358), np.float64(455.8323676760524)]",3.331752903216099
5,0.006,0.012,0.25,361.03882772381337,393.9423954687952,1880.3871131085627,3.312496740431196,39757444.63999999,171.28361155587007,362.62586394413313,"[np.float64(610.7647162174898), np.float64(325.7563243257511), np.float64(171.28361155587007), np.float64(342.6988036774217)]",3.338587936669003
5,0.006,0.012,0.5,460.08151667018427,505.1743089535977,2500.6184534168674,3.1942126746927757,57022784.08000001,167.07555283259856,453.7948746731403,"[np.float64(835.7468856768104), np.float64(418.1488857307231), np.float64(167.07555283259856), np.float64(394.20817445242915)]",3.2024585227206486
5,0.006,0.012,0.75,552.8622041099649,616.0036724615968,3291.5631667233215,2.9590418797068887,74293453.22999997,156.67315896732313,538.7596822908699,"[np.float64(1056.7517178789826), np.float64(503.2532474393938), np.float64(156.67315896732313), np.float64(438.36060487778)]",2.950244741840591
5,0.006,999.0,0.25,401.7700448317,433.1577525431956,1914.2873045840854,3.577741650681055,41933498.61,228.36838360289357,402.14822012534626,"[np.float64(656.4554877744717), np.float64(308.33293787268707), np.float64(228.36838360289357), np.float64(415.43607125133263)]",3.5951012687407755
5,0.006,999.0,0.5,540.736519693516,583.9885977079994,2611.4698133569905,3.535813599834659,61399221.33,280.3722747825241,532.028655505354,"[np.float64(926.2865994584959), np.float64(381.2744985399224), np.float64(280.3722747825241), np.float64(540.1812492404738)]",3.5257427514510202
5,0.006,999.0,0.75,673.8052932101723,734.4946473751985,3485.360366445302,3.3320457150844414,80868339.69000004,325.0249600236099,655.6189247054219,"[np.float64(1192.2797225979295), np.float64(446.37816943212334), np.float64(325.0249600236099), np.float64(658.7928467680251)]",3.3018962198669253
5,0.007,0.008,0.25,520.3323647996074,556.9403242415956,2335.748122828854,3.7700981715081507,42592916.019999996,384.6142982022469,526.2942165643422,"[np.float64(676.3369042489754), np.float64(638.8823034241769), np.float64(405.3433603819691), np.float64(384.6142982022469)]",3.927856656929702
5,0.007,0.008,0.5,569.3813432274267,606.2819195471958,2440.3919263729604,3.9281226700286442,46387353.93999998,381.8291379784916,571.1316692153653,"[np.float64(785.093708759831), np.float64(681.9490993055769), np.float64(435.65473081756187), np.float64(381.8291379784916)]",4.091143299075524
5,0.007,0.008,0.75,616.5209049788556,655.6703580263949,2612.4290259801205,3.9683599152393763,50183233.62999998,377.1370380593228,614.2854686638161,"[np.float64(891.873357704671), np.float64(723.7771355956874), np.float64(464.3543432955834), np.float64(377.1370380593228)]",4.130877352110893
5,0.007,0.01,0.25,523.1307439577772,561.6688381351985,2410.4067161905978,3.684342578614069,48649795.550000004,311.9724831498065,528.1058599515479,"[np.float64(755.4296188345057), np.float64(622.6871327363378), np.float64(311.9724831498065), np.float64(422.33420508554156)]",3.841917613279817
5,0.007,0.01,0.5,571.2408217093257,615.7832833807944,2718.7882804047163,3.5811499824663633,58559233.82,241.56911354804734,570.1596363637667,"[np.float64(941.1652867473275), np.float64(643.80578352962), np.float64(241.56911354804734), np.float64(454.09836163007174)]",3.7179440809599282
5,0.007,0.01,0.75,614.5411413636192,669.7205684103999,3173.048815380757,3.3372357553618994,68475475.98999995,165.8022458771124,607.4228627708527,"[np.float64(1123.8164975594282), np.float64(659.3817936015218), np.float64(165.8022458771124), np.float64(480.6909140453483)]",3.442240142951826
5,0.007,0.012,0.25,522.7506329694752,562.5339977999986,2453.7044575135205,3.6249041502960666,51904780.05999998,328.80646781552616,525.6565423808984,"[np.float64(750.0366525206521), np.float64(605.0779585988577), np.float64(328.80646781552616), np.float64(418.7050905885576)]",3.7478726723399287
5,0.007,0.012,0.5,568.4200809434685,617.5744566127935,2871.479468448514,3.400584836311671,65105084.5,272.9228082123371,563.1404566226669,"[np.float64(928.9041946453606), np.float64(606.1433812665765), np.float64(272.9228082123371), np.float64(444.59144236639327)]",3.4629360672597755
5,0.007,0.012,0.75,607.5041002246688,672.0558437168025,3463.8154716067793,3.0677546168263623,78309123.82000002,209.1816902760867,593.7050908059687,"[np.float64(1103.4618707408076), np.float64(598.376944569037), np.float64(209.1816902760867), np.float64(463.79985763794303)]",3.0791767932767002
5,0.007,999.0,0.25,563.550298570507,601.7493548743981,2477.1118251702806,3.8409621289689557,54080834.02999999,385.5149250364115,565.6758363101558,"[np.float64(795.9050829449368), np.float64(588.7271303839227), np.float64(385.5149250364115), np.float64(492.556206875352)]",3.942293902279443
5,0.007,999.0,0.5,649.291005060451,696.3887453671942,2965.528418147412,3.7129547617740912,69481521.75,386.38359150831917,642.2513689577736,"[np.float64(1019.7317421588724), np.float64(570.9888307537327), np.float64(386.38359150831917), np.float64(591.90131141017)]",3.7410218473290135
5,0.007,999.0,0.75,728.5389744656181,790.5468186304033,3646.6536813857792,3.4277021651835335,84884010.28000008,378.78744778960987,711.4165389958724,"[np.float64(1239.1675264644728), np.float64(542.7433715717725), np.float64(378.78744778960987), np.float64(684.9678101576345)]",3.409027436132402
5,0.008,0.01,0.25,665.0781009359347,709.5482959672005,2901.016231802798,3.86724607147966,60083883.25000001,399.27078275554646,658.2324742002909,"[np.float64(1076.309735286491), np.float64(748.7424208519574), np.float64(399.27078275554646), np.float64(408.6069579071687)]",4.014790306860136
5,0.008,0.01,0.5,664.833598130753,714.3287650463977,3081.7191733928244,3.6650093156199954,66178371.959999986,299.2716231875597,656.1416857852691,"[np.float64(1154.041873487874), np.float64(727.5239027636566), np.float64(299.2716231875597), np.float64(443.72934370198635)]",3.784821781657164
5,0.008,0.01,0.75,661.043139720137,718.8854474944015,3362.3088311970514,3.3805868303036686,72277506.83999997,194.0957998587054,650.0912084314582,"[np.float64(1230.0325151983589), np.float64(701.3340041946072), np.float64(194.0957998587054), np.float64(474.90251447416153)]",3.474405587651326
5,0.008,0.012,0.25,664.9534937497027,710.4134556319989,2936.9738553018938,3.82455668812409,63338867.76,405.0202716423597,655.9889947031228,"[np.float64(1071.3128756279284), np.float64(731.4044640866983), np.float64(416.2183674555047), np.float64(405.0202716423597)]",3.944424590056295
5,0.008,0.012,0.5,662.628499699772,716.1199382783982,3217.0873524479407,3.5195968196135308,72724222.63999997,331.1034274964409,649.6374272030187,"[np.float64(1142.5670929681344), np.float64(690.5115145208025), np.float64(331.1034274964409), np.float64(434.3676738266968)]",3.5767592526551404
5,0.008,0.012,0.75,654.6015005895927,721.220722800803,3637.8893198034075,3.134647565207839,82111154.67000002,238.1552380946104,636.9227546700523,"[np.float64(1210.3697564230597), np.float64(640.9901563743783), np.float64(238.1552380946104), np.float64(458.1758677881608)]",3.1421224733208493
5,0.008,999.0,0.25,705.7779340636517,749.6297411591975,2954.4491688990884,4.011809390426683,65512432.30999998,472.7215683271031,696.2809368292535,"[np.float64(1117.2468493578522), np.float64(715.2720257076892), np.float64(472.7215683271031), np.float64(479.8833039243697)]",4.117311777933435
5,0.008,999.0,0.5,743.7082468508447,794.9358363303996,3298.7753581255192,3.8102137362929196,77096300.07,444.4697466753187,729.2862734190245,"[np.float64(1233.741288280893), np.float64(655.8852058192657), np.float64(444.4697466753187), np.float64(583.0488529006208)]",3.8401144524728883
5,0.008,999.0,0.75,775.8042922052172,839.7142918168032,3810.744817261736,3.484108584112003,88679051.01000005,408.1170292108921,755.1653777145133,"[np.float64(1346.375670233616), np.float64(585.8753338660391), np.float64(408.1170292108921), np.float64(680.293477547506)]",3.4639829051417816
5,0.01,0.012,0.25,654.4739049366958,724.5530356744011,3748.76632685982,3.05598919557039,81731149.15000004,109.17876495531735,640.514413899128,"[np.float64(1299.6830137253585), np.float64(652.6850575785871), np.float64(109.17876495531735), np.float64(500.51081933724885)]",3.116259590422775
5,0.01,0.012,0.5,652.6073366462963,725.4916341952006,3833.481956919703,2.9923265757301016,84987291.96000001,123.24606392479225,636.1811741352111,"[np.float64(1293.4563228184115), np.float64(632.9428017385345), np.float64(123.24606392479225), np.float64(495.0795080591062)]",3.0283404418834774
5,0.01,0.012,0.75,648.4409852953947,726.0475123784021,3971.448563383004,2.8905873914419677,88242228.47000003,135.1505206235507,629.5397887583838,"[np.float64(1285.3058300387997), np.float64(609.9208572598428), np.float64(135.1505206235507), np.float64(487.78194711134194)]",2.8972469831683956
5,0.01,999.0,0.25,696.1941002155622,763.771610489599,3762.4387634900063,3.2096972909689447,83898200.40000004,163.28567266556496,680.1708748411743,"[np.float64(1345.7881956098877), np.float64(636.0424159191327), np.float64(163.28567266556496), np.float64(575.567215170112)]",3.2702591768636133
5,0.01,999.0,0.5,735.0995671052383,804.3122671400006,3902.244787524826,3.2589686868279584,89346118.27,234.1525186151042,715.3571916199644,"[np.float64(1385.069832366231), np.float64(597.6862526342449), np.float64(234.1525186151042), np.float64(644.5201628642777)]",3.2874849422479455
5,0.01,999.0,0.75,770.8042053329353,844.5480096296017,4130.333107388736,3.2330265312182243,94790278.03000005,301.80949783158167,747.1849430666016,"[np.float64(1421.7423626758532), np.float64(554.5126832245827), np.float64(301.80949783158167), np.float64(710.6752285343885)]",3.2232242663483777
10,0.004,0.006,0.25,13.797107918549537,18.705084163199945,176.39524193265493,1.6766515109131848,802916.9600000001,0.0,19.655898462120447,"[0.0, np.float64(7.681679807171893), np.float64(41.02387982343354), np.float64(29.918034217876357)]",1.6171631976275012
10,0.004,0.006,0.5,27.73881401029473,37.61396879679998,354.85193338444617,1.6759921821748298,1614649.32,0.0,39.52795425004027,"[0.0, np.float64(15.368072614080553), np.float64(82.48663073260832), np.float64(60.25711365347222)]",1.6169641070511118
10,0.004,0.006,0.75,41.68210077133887,56.5218199439999,533.2417968335534,1.675953475349587,2426048.8200000003,0.0,59.398840307201546,"[0.0, np.float64(23.077418788283154), np.float64(123.95042954003817), np.float64(90.56751290048484)]",1.6169780940017502
10,0.004,0.007,0.25,43.63410657411592,50.506655179199576,316.93082305510103,2.519730738452701,2680657.42,28.993450796223225,45.91293186967128,"[np.float64(54.244705399035574), np.float64(42.44557810103796), np.float64(57.96799318238838), np.float64(28.993450796223225)]",2.571637938154688
10,0.004,0.007,0.5,87.58827086507799,101.44016861999962,637.8398207334635,2.514596679632398,5391457.530000001,58.14833398469021,92.15260849894688,"[np.float64(109.08677934932652), np.float64(85.19003658147253), np.float64(116.18528408029822), np.float64(58.14833398469021)]",2.565172460506078
10,0.004,0.007,0.75,131.5837112824499,152.40148414159884,958.4628136466093,2.514108016584856,8099296.709999999,87.46309040498878,138.43082558924715,"[np.float64(163.9353358209037), np.float64(127.83107047283761), np.float64(174.49380565825854), np.float64(87.46309040498878)]",2.5646375633481053
10,0.004,0.008,0.25,105.22431586411078,116.5490134744005,604.5522724062009,3.048209050293033,9377845.609999998,43.661227442610105,93.17300555141956,"[np.float64(145.1919995132796), np.float64(78.31870931176665), np.float64(43.661227442610105), np.float64(105.5200859380219)]",2.886509064314547
10,0.004,0.008,0.5,211.43890900926831,234.21085746879868,1215.3032796174912,3.0471396513287368,18848869.760000013,87.37518397706378,187.16686282478045,"[np.float64(291.8129208410357), np.float64(157.13372162755917), np.float64(87.37518397706378), np.float64(212.3456248534632)]",2.8844777064580964
10,0.004,0.008,0.75,317.4765465335458,351.7022339095977,1825.851266082344,3.045648180615486,28320188.729999993,131.19451760284528,281.06272165588314,"[np.float64(438.34588271083146), np.float64(235.86622967679367), np.float64(131.19451760284528), np.float64(318.8442566330621)]",2.883127836742788
10,0.004,0.01,0.25,147.40509794427777,165.23409799680158,908.6087600937294,2.8753635213656596,17194797.439999998,67.63980865547892,144.69199074386978,"[np.float64(264.23562506031794), np.float64(145.84050410970892), np.float64(67.63980865547892), np.float64(101.0520251499733)]",2.929078396327346
10,0.004,0.01,0.5,296.36189916875634,332.2128340631977,1826.9449806033042,2.875152877434646,34564198.210000016,135.64472615918842,290.84741167261205,"[np.float64(531.3911765297964), np.float64(292.6402464278304), np.float64(135.64472615918842), np.float64(203.71349757363308)]",2.9282749435027093
10,0.004,0.01,0.75,445.1165127521348,498.99153397359686,2744.8590989800705,2.8743730071321107,51933467.65,203.48602107464538,436.8022869996921,"[np.float64(798.6229286809671), np.float64(439.28096271374665), np.float64(203.48602107464538), np.float64(305.8192355294094)]",2.926972067190267
10,0.004,0.012,0.25,179.75664560747583,199.7456131656007,1053.1735861451145,2.9987985767010117,23553164.95,110.26219597338883,179.39125083025078,"[np.float64(295.38510110452523), np.float64(145.2608251224622), np.float64(110.26219597338883), np.float64(166.6568811206269)]",3.0371245471197916
10,0.004,0.012,0.5,361.4311620893434,401.62043024239733,2117.5225952780056,2.9988707493721107,47345410.97,221.41609302951466,360.71356083239027,"[np.float64(594.0022534941803), np.float64(291.93911206244917), np.float64(221.41609302951466), np.float64(335.4967847434167)]",3.037488807520459
10,0.004,0.012,0.75,542.5945043178797,603.013741500799,3181.6114203960055,2.996746980630936,71141281.15999997,332.02459622231,541.4682538669653,"[np.float64(892.39188762455), np.float64(437.8665083217226), np.float64(332.02459622231), np.float64(503.5900232992782)]",3.0349671184489173
10,0.004,999.0,0.25,199.6342350716637,219.64234371600068,1099.440122889092,3.1587444477419693,24917456.750000004,91.43539048547528,192.76161994611792,"[np.float64(361.1585078904847), np.float64(126.38993188293956), np.float64(91.43539048547528), np.float64(192.06264952557217)]",3.1149602247064605
10,0.004,999.0,0.5,401.3669702961392,441.6017239159974,2210.704129385819,3.1584218975050526,50086806.60999999,183.5038839192789,387.55014365658724,"[np.float64(726.2287908203457), np.float64(253.84686867922989), np.float64(183.5038839192789), np.float64(386.6210312074946)]",3.1148657950535226
10,0.004,999.0,0.75,602.7233645592446,663.2047220960003,3321.768525935978,3.156808580169534,75257467.2,274.97228812435463,581.9286507435845,"[np.float64(1091.4419187233618), np.float64(380.83014226563915), np.float64(274.97228812435463), np.float64(580.4702538609823)]",3.1130713491086763
10,0.005,0.006,0.25,27.07548155912253,43.553244689600376,537.2192330483159,1.2818551927885236,1619288.2999999998,0.0,42.82125023348579,"[0.0, np.float64(7.681679807171893), np.float64(87.73576815946657), np.float64(75.8675529673047)]",1.3641479357778346
10,0.005,0.006,0.5,37.30658600267892,54.174275999200155,575.9677566894818,1.487184835942355,2158878.57,0.0,55.536129193056425,"[0.0, np.float64(15.368072614080553), np.float64(114.92650153776678), np.float64(91.84994262037834)]",1.4956451399581354
10,0.005,0.006,0.75,46.78366984512936,64.80272546640018,635.8902205850144,1.6113175232659893,2698506.8699999996,0.0,67.63064083660936,"[0.0, np.float64(23.077418788283154), np.float64(140.67209294131288), np.float64(106.77305161684139)]",1.5757513236405156
10,0.005,0.007,0.25,60.22787033904013,75.35481570559978,597.1148639231862,1.995368602334591,3497028.76,42.44557810103796,69.71777384425594,"[np.float64(54.244705399035574), np.float64(42.44557810103796), np.float64(106.81918270919866), np.float64(75.36162916775159)]",2.3612304368474377
10,0.005,0.007,0.5,100.38605848131658,118.00047582240026,781.5399856067247,2.3872756062041502,5935686.78,85.19003658147253,108.81220564599644,"[np.float64(109.08677934932652), np.float64(85.19003658147253), np.float64(150.74101383905938), np.float64(90.23099281412738)]",2.495665627720416
10,0.005,0.007,0.75,138.43583415468103,160.6823896639989,1018.4633706938026,2.49455378483955,8371754.759999999,103.98652796375195,147.0405810134212,"[np.float64(163.9353358209037), np.float64(127.83107047283761), np.float64(192.40938979619148), np.float64(103.98652796375195)]",2.5514780387788933
10,0.005,0.008,0.25,125.84412751396417,141.39717400080048,785.9628014290337,2.844518364868477,10194216.949999997,78.31870931176665,120.05536573998506,"[np.float64(145.1919995132796), np.float64(78.31870931176665), np.float64(96.59273554384897), np.float64(160.11801859104503)]",2.955072521587504
10,0.005,0.008,0.5,226.61597021527072,250.77116467119885,1294.5165707528797,3.0629505630543274,19393099.010000013,125.55332105815904,206.4458109784125,"[np.float64(291.8129208410357), np.float64(157.13372162755917), np.float64(125.55332105815904), np.float64(251.28328038689617)]",2.9727198943884554
10,0.005,0.008,0.75,325.35127108452076,359.9831394319982,1857.0084140378656,3.0650551479942694,28592646.779999994,151.03337137539955,291.04020309457655,"[np.float64(438.34588271083146), np.float64(235.86622967679367), np.float64(151.03337137539955), np.float64(338.91532861528157)]",2.9255067759799775
10,0.005,0.01,0.25,169.85957853035947,190.08225852320132,1037.0171090617694,2.8981820766009476,18011168.780000005,123.89130682488066,173.19052650188075,"[np.float64(264.23562506031794), np.float64(145.84050410970892), np.float64(123.89130682488066), np.float64(158.7946700126155)]",3.0957838775179463
10,0.005,0.01,0.5,312.46867285833224,348.77314126559787,1879.7056064657256,2.933750661000279,35108427.460000016,176.02265569296262,311.2246502451412,"[np.float64(531.3911765297964), np.float64(292.6402464278304), np.float64(176.02265569296262), np.float64(244.8445223299755)]",3.032432512576609
10,0.005,0.01,0.75,453.382435050964,507.2724394959974,2765.241309479162,2.900535836670707,52205925.7,224.31658933975618,447.29226274068503,"[np.float64(798.6229286809671), np.float64(439.28096271374665), np.float64(224.31658933975618), np.float64(326.9485702282703)]",2.9687749898300915
10,0.005,0.012,0.25,202.7694381676202,224.59377369200067,1165.029661761313,3.048110689668583,24369536.289999995,145.2608251224622,208.55859980220768,"[np.float64(295.38510110452523), np.float64(145.2608251224622), np.float64(168.71747810850198), np.float64(224.87099487334135)]",3.1656059950678395
10,0.005,0.012,0.5,377.76616403501714,418.18073744479756,2162.6761949284405,3.0573314836393664,47889640.21999999,262.9390385901693,381.3438485062693,"[np.float64(594.0022534941803), np.float64(291.93911206244917), np.float64(262.9390385901693), np.float64(376.49498987827826)]",3.123043568494091
10,0.005,0.012,0.75,550.9443328293684,611.2946470231986,3198.9430224130456,3.021440820480449,71413739.20999998,353.3203151617534,552.0305123985657,"[np.float64(892.39188762455), np.float64(437.8665083217226), np.float64(353.3203151617534), np.float64(524.5433384862371)]",3.069327394081161
10,0.005,999.0,0.25,222.78575583361518,244.49050424240065,1206.6065223340067,3.203806897187596,25733828.09,126.38993188293956,222.0716652071884,"[np.float64(361.1585078904847), np.float64(126.38993188293956), np.float64(150.46570033241477), np.float64(250.27252072291458)]",3.245302563559278
10,0.005,999.0,0.5,417.7314117754704,458.1620311183976,2253.6980554789507,3.2143515237563074,50631035.859999985,225.4383492977158,408.2451288686026,"[np.float64(726.2287908203457), np.float64(253.84686867922989), np.float64(225.4383492977158), np.float64(427.4665066771191)]",3.199736896792758
10,0.005,999.0,0.75,611.0751932489047,671.4856276184008,3338.223254742331,3.1804703240342653,75529925.25000001,296.4563339121172,592.5099094858929,"[np.float64(1091.4419187233618), np.float64(380.83014226563915), np.float64(296.4563339121172), np.float64(601.3112430424533)]",3.1469553424694046
10,0.006,0.007,0.25,89.3978785419667,107.21184946000103,756.7101428990372,2.2401816576279963,5114633.43,54.244705399035574,107.26811030345307,"[np.float64(54.244705399035574), np.float64(70.05410842287023), np.float64(184.36333057062828), np.float64(120.41029682127824)]",2.58323665629584
10,0.006,0.007,0.5,119.86750166368115,139.2374030912013,884.9910884147696,2.487637079170261,7011389.120000001,104.99190246554316,133.77389904639062,"[np.float64(109.08677934932652), np.float64(104.99190246554316), np.float64(201.63643683284909), np.float64(119.38047753784366)]",2.636387854343962
10,0.006,0.007,0.75,148.29296075172107,171.29132364959867,1066.5803122704854,2.539287102556368,8906688.34,118.22781674552274,159.4820950054062,"[np.float64(163.9353358209037), np.float64(138.06105857035686), np.float64(217.70416888484144), np.float64(118.22781674552274)]",2.611984364743848
10,0.006,0.008,0.25,156.00288947193076,173.25502898880166,910.9845540168137,3.0070790183397578,11809600.120000001,108.16798099623719,158.65434186333047,"[np.float64(145.1919995132796), np.float64(108.16798099623719), np.float64(175.46239766534313), np.float64(205.79498927846197)]",3.214294338068086
10,0.006,0.008,0.5,247.3641282487954,272.00975922959935,1357.550834385502,3.168096409991525,20464464.710000012,178.25697506185804,232.78618002560557,"[np.float64(291.8129208410357), np.float64(178.25697506185804), np.float64(178.82437773000507), np.float64(282.2504464695234)]",3.139184133163607
10,0.006,0.008,0.75,335.9133967659766,370.59445779679817,1882.788123569266,3.1121998280172236,29121282.57999999,178.05261174599403,304.42821930843076,"[np.float64(438.34588271083146), np.float64(246.66411410997415), np.float64(178.05261174599403), np.float64(354.6502686669235)]",2.9979785628529227
10,0.006,0.01,0.25,200.97705238992572,221.94011351120258,1133.339230852035,3.096320341457145,19626551.950000003,177.77921776166073,212.79300935443223,"[np.float64(264.23562506031794), np.float64(177.77921776166073), np.float64(203.58081043094643), np.float64(205.5763841648038)]",3.387690270054346
10,0.006,0.01,0.5,333.94766214448106,370.01173582399895,1922.5767694612452,3.0429990229317134,36179793.16000001,230.56410122060734,338.4483349050955,"[np.float64(531.3911765297964), np.float64(314.7937957415406), np.float64(230.56410122060734), np.float64(277.04426612843764)]",3.1873023028889653
10,0.006,0.01,0.75,464.2896940381945,517.8837578607973,2782.0576019893374,2.943311160912344,52734561.49999999,252.08208434104984,461.1430252404515,"[np.float64(798.6229286809671), np.float64(450.4961610204804), np.float64(252.08208434104984), np.float64(343.3709269193087)]",3.0295737494205914
10,0.006,0.012,0.25,234.17415137312244,256.45162868000193,1250.6592320827458,3.242175148453673,25984919.459999997,178.0272023382794,248.45441988008054,"[np.float64(295.38510110452523), np.float64(178.0272023382794), np.float64(248.94831275331745), np.float64(271.45706332420013)]",3.4365272383797927
10,0.006,0.012,0.5,399.3969438757152,439.4193320031986,2199.369989795821,3.159009042332227,48961005.91999999,314.60041240291343,408.7641460107035,"[np.float64(594.0022534941803), np.float64(314.60041240291343), np.float64(318.04851140279743), np.float64(408.4054067429228)]",3.2573112070892085
10,0.006,0.012,0.75,561.9079455919347,621.9059653879987,3213.1470299784887,3.0603008868303854,71942375.00999998,381.3627810163537,565.9588285590283,"[np.float64(892.39188762455), np.float64(449.3237839452875), np.float64(381.3627810163537), np.float64(540.7568616499224)]",3.1204370261156122
10,0.006,999.0,0.25,254.22452794891302,276.3483592304019,1288.9864108809954,3.3898349720428795,27349211.26,159.64621163696032,262.21104279085444,"[np.float64(361.1585078904847), np.float64(159.64621163696032), np.float64(231.3032256292547), np.float64(296.73622600671786)]",3.5197479206326383
10,0.006,999.0,0.5,439.3508839056962,479.40062567679865,2288.562138156053,3.3121186957806574,51702401.55999998,276.8404661969866,435.85536205256335,"[np.float64(726.2287908203457), np.float64(276.8404661969866), np.float64(281.1281461275694), np.float64(459.2240450653516)]",3.332602254680394
10,0.006,999.0,0.75,622.0224339856804,682.0969459832008,3351.6465301104445,3.2177914869213198,76058561.05,324.76659872652664,606.5202987023424,"[np.float64(1091.4419187233618), np.float64(392.4504200965767), np.float64(324.76659872652664), np.float64(617.4222572629044)]",3.19709768925499
10,0.007,0.008,0.25,243.92859765954074,269.22881662719954,1370.95224498134,3.1050544444943453,17504341.84,202.580678442111,238.28541146678526,"[np.float64(315.35152245245627), np.float64(211.09938267495878), np.float64(224.11006229761506), np.float64(202.580678442111)]",3.0276709954414196
10,0.007,0.008,0.5,306.8420883509306,335.9587623967979,1636.3243550483983,3.2462845333429864,24260527.840000015,211.0626210373214,286.7388554867195,"[np.float64(407.63719490778556), np.float64(247.95016767315755), np.float64(211.0626210373214), np.float64(280.30543832861343)]",3.11049937646007
10,0.007,0.008,0.75,366.0688039252507,402.4907976343991,2007.365505746062,3.1702937360915873,31018563.769999985,194.15772565751874,331.7254699484556,"[np.float64(497.02668976071186), np.float64(282.0899269070783), np.float64(194.15772565751874), np.float64(353.6275374685135)]",3.017949529687628
10,0.007,0.01,0.25,291.12849729623656,317.9139011496,1524.7065385260937,3.296804998403807,25321293.669999994,202.47222112070372,295.1554071447181,"[np.float64(439.7177834734806), np.float64(285.4645300520198), np.float64(252.9670939326681), np.float64(202.47222112070372)]",3.324760108365824
10,0.007,0.01,0.5,395.9599068824601,433.960738991196,2125.6482079668253,3.227966756584393,39975856.29000001,264.165462645258,395.003617022089,"[np.float64(651.362617025686), np.float64(389.26568749320967), np.float64(264.165462645258), np.float64(275.22070092420216)]",3.280228552759305
10,0.007,0.01,0.75,495.87099180965623,549.7800976983992,2866.19498238584,3.0328664512378185,54631842.69,269.14201301653935,489.8574642846398,"[np.float64(859.3585782016662), np.float64(488.51257713045965), np.float64(269.14201301653935), np.float64(342.41668878989395)]",3.090621808651785
10,0.007,0.012,0.25,325.21696401522985,352.4254163183998,1611.7680756157085,3.457280975345913,31679661.179999992,268.6266032207975,331.9889605792221,"[np.float64(472.449701710186), np.float64(287.8012237718123), np.float64(299.0783136140926), np.float64(268.6266032207975)]",3.4930939479096885
10,0.007,0.012,0.5,462.1445774439265,503.36833517039616,2377.0633412677976,3.3482289123530835,52757069.050000004,352.5799581659523,466.35860989721306,"[np.float64(715.1173823244252), np.float64(390.9558227371924), np.float64(352.5799581659523), np.float64(406.7812763612824)]",3.3915738283258157
10,0.007,0.012,0.75,593.8278766564752,653.802305225601,3285.2560261207636,3.146641247353283,73839656.19999999,398.93741681014876,595.2163016273313,"[np.float64(953.6872913484364), np.float64(488.3421740106609), np.float64(398.93741681014876), np.float64(539.8983243400792)]",3.188947711780682
10,0.007,999.0,0.25,345.4919041203618,372.3221468687998,1640.5226767804666,3.5884478285291412,33043952.980000004,270.55531477315543,346.33044476498054,"[np.float64(539.1263512803392), np.float64(270.55531477315543), np.float64(281.65020990768164), np.float64(293.989903098746)]",3.5720224089688135
10,0.007,999.0,0.5,502.2129776016518,543.3496288439962,2458.781183601875,3.494053078845189,55498464.69,315.99532285844936,493.91588455612253,"[np.float64(847.7080243458731), np.float64(354.3028308589252), np.float64(315.99532285844936), np.float64(457.65736016124265)]",3.4655573328614597
10,0.007,999.0,0.75,653.9659355486255,713.9932858208012,3420.2760180664,3.3006766198620627,77955842.24,342.5332265012776,636.0029125134097,"[np.float64(1152.822149547725), np.float64(432.06459150802175), np.float64(342.5332265012776), np.float64(616.5916824966146)]",3.263943660803284
10,0.008,0.01,0.25,473.0043799817622,517.9039401167984,2522.944409872267,3.2457236345279816,45586404.89999999,205.02908963576527,433.7106953498117,"[np.float64(710.0627413785464), np.float64(391.31214732213556), np.float64(205.02908963576527), np.float64(428.4388030627994)]",3.1791534092345297
10,0.008,0.01,0.5,517.3556882929361,567.2304264607963,2784.6795340240265,3.2207298610994894,53458406.64,230.89352511857356,487.34607023073215,"[np.float64(831.5407928102907), np.float64(460.6346682656349), np.float64(230.89352511857356), np.float64(426.31529472842954)]",3.2117890504695863
10,0.008,0.01,0.75,557.26621396168,616.5276186039996,3178.90211053899,3.066517066890232,61329608.529999994,252.2933297256114,536.5334077582377,"[np.float64(949.9012373955628), np.float64(524.7798944610003), np.float64(252.2933297256114), np.float64(419.1591694507761)]",3.092476212481075
10,0.008,0.012,0.25,508.27864748582465,552.4154552855971,2573.8625561207837,3.3935204683466624,51944772.41,253.75353316830308,471.96699732055305,"[np.float64(743.3872072793523), np.float64(394.82996524544245), np.float64(253.75353316830308), np.float64(495.89728358911435)]",3.326919399117405
10,0.008,0.012,0.5,585.4024620630613,636.6380226399955,2977.975024083764,3.380193219094642,66239619.4,322.88524864227577,560.7695602192746,"[np.float64(896.3622613514617), np.float64(464.1093196129855), np.float64(322.88524864227577), np.float64(559.7214112703753)]",3.3581631745614096
10,0.008,0.012,0.75,656.4714278702824,720.5498261311981,3559.4420880648186,3.200752480077159,80537422.03999996,384.411742515866,643.225354549838,"[np.float64(1044.98023780378), np.float64(525.8140721461677), np.float64(384.411742515866), np.float64(617.6953657335383)]",3.2104004117693283
10,0.008,999.0,0.25,528.9646480803553,572.3121858359962,2590.4301738169684,3.4932615791078643,53309064.20999999,235.89943741955503,486.4366804401485,"[np.float64(810.1906385109676), np.float64(378.1072596828348), np.float64(235.89943741955503), np.float64(521.5493861472366)]",3.3897246321698677
10,0.008,999.0,0.5,626.0102489755956,676.6193163135955,3041.850330880381,3.5170339031730387,68981015.04,286.01439252255454,588.6269865636328,"[np.float64(1029.2748935580528), np.float64(428.31804475998206), np.float64(286.01439252255454), np.float64(610.900615413942)]",3.4301263528472554
10,0.008,999.0,0.75,716.9149231416901,780.7408067263965,3683.33729970707,3.351470433740987,84653608.08,327.9681484713688,684.2162643093695,"[np.float64(1244.2731916201108), np.float64(470.1302637947523), np.float64(327.9681484713688), np.float64(694.4934533512464)]",3.2843543552575394
10,0.01,0.012,0.25,630.0987800536805,700.338116525603,3697.1208678532485,2.995119255783581,75645069.95000002,320.8647505487503,622.1494471874731,"[np.float64(1099.4607713775908), np.float64(590.5282622620626), np.float64(320.8647505487503), np.float64(477.74400456148885)]",3.0584929267489223
10,0.01,0.012,0.5,663.9163516383471,735.2418340400013,3810.3589551718296,3.050944614352055,82047218.49999999,365.8162306828775,658.632535590446,"[np.float64(1131.7198079490736), np.float64(592.0233904754533), np.float64(365.8162306828775), np.float64(544.9707132543792)]",3.112039094732717
10,0.01,0.012,0.75,694.9467699164775,769.8636904007998,3996.667599281794,3.045690802465936,88454253.79,405.85466164957387,691.6998583295731,"[np.float64(1161.9522026707316), np.float64(589.4531040000873), np.float64(405.85466164957387), np.float64(609.5394649979)]",3.0959370744104096
10,0.01,999.0,0.25,651.1935965774157,720.2354688120023,3708.0512537383706,3.0711341041859748,77007807.41000001,303.1520460213204,637.0034602050263,"[np.float64(1166.5741445054662), np.float64(574.1793526113531), np.float64(303.1520460213204), np.float64(504.1082976819651)]",3.1126884569607602
10,0.01,999.0,0.5,705.2916988053465,775.2240520896001,3859.6855883392072,3.1757427456714167,84786303.19999997,329.255610736163,687.2832482729511,"[np.float64(1265.4655349766394), np.float64(557.197383699494), np.float64(329.255610736163), np.float64(597.2144636795081)]",3.189730270365015
10,0.01,999.0,0.75,756.0278269697594,830.0559063239991,4106.8297464642665,3.195734193168164,92567351.51,349.7049655402778,733.3846666162484,"[np.float64(1361.9647506387878), np.float64(534.7275151344553), np.float64(349.7049655402778), np.float64(687.1414351514728)]",3.1776913648830636
20,0.004,0.006,0.25,0.0,0.0,0.0,0.0,0.0,0.0,0.0,"[0.0, 0.0, 0.0, 0.0]",0.0
20,0.004,0.006,0.5,0.0,0.0,0.0,0.0,0.0,0.0,0.0,"[0.0, 0.0, 0.0, 0.0]",0.0
20,0.004,0.006,0.75,0.0,0.0,0.0,0.0,0.0,0.0,0.0,"[0.0, 0.0, 0.0, 0.0]",0.0
20,0.004,0.007,0.25,-3.527219359999998,-3.527219359999998,54.947940704396004,-1.014964968809927,266285.4,-8.818048399999995,-4.4090241999999975,"[0.0, -8.818048399999995, -8.818048399999995, 0.0]",-0.8048916039919622
20,0.004,0.007,0.5,-7.1095223279999376,-7.1095223279999376,110.75720855271253,-1.0149354577495753,535079.8200000001,-17.773805819999843,-8.886902909999922,"[0.0, -17.773805819999843, -17.773805819999843, 0.0]",-0.8048680554668435
20,0.004,0.007,0.75,-10.700469588000008,-10.700469588000008,166.70002777615878,-1.014932522293287,804784.97,-26.751173970000018,-13.375586985000009,"[0.0, -26.751173970000018, -26.751173970000018, 0.0]",-0.804865713102838
20,0.004,0.008,0.25,27.267952641559198,34.12301659840019,270.5184633110954,1.9944378613925444,2950041.7199999993,-2.1618487120009284,29.887736394902962,"[0.0, -2.1618487120009284, np.float64(39.10898142909458), np.float64(82.6038128625182)]",1.50708040944374
20,0.004,0.008,0.5,54.765935792276565,68.57214545359918,544.3769370704507,1.9916729467331422,5929089.83,-4.610356282001349,60.00639832578229,"[0.0, -4.610356282001349, np.float64(78.40392675774633), np.float64(166.23202282738418)]",1.5029573419415705
20,0.004,0.008,0.75,82.34300880515352,103.10135692720002,818.4976086137044,1.9916681143158081,8910503.089999998,-7.04316048400061,90.19531439834093,"[0.0, -7.04316048400061, np.float64(117.77487942491959), np.float64(250.04953865244474)]",1.5023935790486111
20,0.004,0.01,0.25,127.50331301310376,144.9511100960006,847.8150392519196,2.7032762810957185,15195451.080000004,30.28451575230655,112.24496048657122,"[np.float64(246.9402629253822), np.float64(69.65049524786092), np.float64(30.28451575230655), np.float64(102.10456802073517)]",2.494474541927721
20,0.004,0.01,0.5,256.40852060483206,291.4791375079979,1704.444860931966,2.703924269051144,30539355.23,60.59470464068997,225.69727739614433,"[np.float64(496.70718268996546), np.float64(139.99128844926582), np.float64(60.59470464068997), np.float64(205.49593380465603)]",2.4946310423907336
20,0.004,0.01,0.75,384.84737829510203,437.5664342407989,2560.669627719058,2.7018451440605498,45884276.910000004,90.64141203673893,338.71404211615857,"[np.float64(746.0934187442073), np.float64(209.7464859698501), np.float64(90.64141203673893), np.float64(308.3748517138378)]",2.4920463120739598
20,0.004,0.012,0.25,214.2139019402259,232.00406683600087,1057.1381912444015,3.470034871978629,24093692.11,130.2380324645113,211.94917552628195,"[np.float64(361.1585078904847), np.float64(196.84752139646025), np.float64(130.2380324645113), np.float64(159.55264035367148)]",3.452333958454927
20,0.004,0.012,0.5,430.6980055441903,466.47026253519766,2125.5959198615305,3.4698704409538683,48431795.50999998,261.57114830866874,426.15628290680263,"[np.float64(726.2287908203457), np.float64(395.59693358693323), np.float64(261.57114830866874), np.float64(321.2282589112629)]",3.452200650888662
20,0.004,0.012,0.75,646.7644493707413,700.5336348384009,3193.689239611755,3.4682176277040213,72771762.91999999,392.20516471831263,639.9038297345818,"[np.float64(1091.4419187233618), np.float64(593.9613087332118), np.float64(392.20516471831263), np.float64(482.0069267634407)]",3.450008249835872
20,0.004,999.0,0.25,199.6342350716637,219.64234371600068,1099.440122889092,3.1587444477419693,24917456.750000004,91.43539048547528,192.76161994611792,"[np.float64(361.1585078904847), np.float64(126.38993188293956), np.float64(91.43539048547528), np.float64(192.06264952557217)]",3.1149602247064605
20,0.004,999.0,0.5,401.3669702961392,441.6017239159974,2210.704129385819,3.1584218975050526,50086806.60999999,183.5038839192789,387.55014365658724,"[np.float64(726.2287908203457), np.float64(253.84686867922989), np.float64(183.5038839192789), np.float64(386.6210312074946)]",3.1148657950535226
20,0.004,999.0,0.75,602.7233645592446,663.2047220960003,3321.768525935978,3.156808580169534,75257467.2,274.97228812435463,581.9286507435845,"[np.float64(1091.4419187233618), np.float64(380.83014226563915), np.float64(274.97228812435463), np.float64(580.4702538609823)]",3.1130713491086763
20,0.005,0.006,0.25,0.0,0.0,0.0,0.0,0.0,0.0,0.0,"[0.0, 0.0, 0.0, 0.0]",0.0
20,0.005,0.006,0.5,0.0,0.0,0.0,0.0,0.0,0.0,0.0,"[0.0, 0.0, 0.0, 0.0]",0.0
20,0.005,0.006,0.75,0.0,0.0,0.0,0.0,0.0,0.0,0.0,"[0.0, 0.0, 0.0, 0.0]",0.0
20,0.005,0.007,0.25,-3.527219359999998,-3.527219359999998,54.947940704396004,-1.014964968809927,266285.4,-8.818048399999995,-4.4090241999999975,"[0.0, -8.818048399999995, -8.818048399999995, 0.0]",-0.8048916039919622
20,0.005,0.007,0.5,-7.1095223279999376,-7.1095223279999376,110.75720855271253,-1.0149354577495753,535079.8200000001,-17.773805819999843,-8.886902909999922,"[0.0, -17.773805819999843, -17.773805819999843, 0.0]",-0.8048680554668435
20,0.005,0.007,0.75,-10.700469588000008,-10.700469588000008,166.70002777615878,-1.014932522293287,804784.97,-26.751173970000018,-13.375586985000009,"[0.0, -26.751173970000018, -26.751173970000018, 0.0]",-0.804865713102838
20,0.005,0.008,0.25,27.267952641559198,34.12301659840019,270.5184633110954,1.9944378613925444,2950041.7199999993,-2.1618487120009284,29.887736394902962,"[0.0, -2.1618487120009284, np.float64(39.10898142909458), np.float64(82.6038128625182)]",1.50708040944374
20,0.005,0.008,0.5,54.765935792276565,68.57214545359918,544.3769370704507,1.9916729467331422,5929089.83,-4.610356282001349,60.00639832578229,"[0.0, -4.610356282001349, np.float64(78.40392675774633), np.float64(166.23202282738418)]",1.5029573419415705
20,0.005,0.008,0.75,82.34300880515352,103.10135692720002,818.4976086137044,1.9916681143158081,8910503.089999998,-7.04316048400061,90.19531439834093,"[0.0, -7.04316048400061, np.float64(117.77487942491959), np.float64(250.04953865244474)]",1.5023935790486111
20,0.005,0.01,0.25,127.50331301310376,144.9511100960006,847.8150392519196,2.7032762810957185,15195451.080000004,30.28451575230655,112.24496048657122,"[np.float64(246.9402629253822), np.float64(69.65049524786092), np.float64(30.28451575230655), np.float64(102.10456802073517)]",2.494474541927721
20,0.005,0.01,0.5,256.40852060483206,291.4791375079979,1704.444860931966,2.703924269051144,30539355.23,60.59470464068997,225.69727739614433,"[np.float64(496.70718268996546), np.float64(139.99128844926582), np.float64(60.59470464068997), np.float64(205.49593380465603)]",2.4946310423907336
20,0.005,0.01,0.75,384.84737829510203,437.5664342407989,2560.669627719058,2.7018451440605498,45884276.910000004,90.64141203673893,338.71404211615857,"[np.float64(746.0934187442073), np.float64(209.7464859698501), np.float64(90.64141203673893), np.float64(308.3748517138378)]",2.4920463120739598
20,0.005,0.012,0.25,214.2139019402259,232.00406683600087,1057.1381912444015,3.470034871978629,24093692.11,130.2380324645113,211.94917552628195,"[np.float64(361.1585078904847), np.float64(196.84752139646025), np.float64(130.2380324645113), np.float64(159.55264035367148)]",3.452333958454927
20,0.005,0.012,0.5,430.6980055441903,466.47026253519766,2125.5959198615305,3.4698704409538683,48431795.50999998,261.57114830866874,426.15628290680263,"[np.float64(726.2287908203457), np.float64(395.59693358693323), np.float64(261.57114830866874), np.float64(321.2282589112629)]",3.452200650888662
20,0.005,0.012,0.75,646.7644493707413,700.5336348384009,3193.689239611755,3.4682176277040213,72771762.91999999,392.20516471831263,639.9038297345818,"[np.float64(1091.4419187233618), np.float64(593.9613087332118), np.float64(392.20516471831263), np.float64(482.0069267634407)]",3.450008249835872
20,0.005,999.0,0.25,199.6342350716637,219.64234371600068,1099.440122889092,3.1587444477419693,24917456.750000004,91.43539048547528,192.76161994611792,"[np.float64(361.1585078904847), np.float64(126.38993188293956), np.float64(91.43539048547528), np.float64(192.06264952557217)]",3.1149602247064605
20,0.005,999.0,0.5,401.3669702961392,441.6017239159974,2210.704129385819,3.1584218975050526,50086806.60999999,183.5038839192789,387.55014365658724,"[np.float64(726.2287908203457), np.float64(253.84686867922989), np.float64(183.5038839192789), np.float64(386.6210312074946)]",3.1148657950535226
20,0.005,999.0,0.75,602.7233645592446,663.2047220960003,3321.768525935978,3.156808580169534,75257467.2,274.97228812435463,581.9286507435845,"[np.float64(1091.4419187233618), np.float64(380.83014226563915), np.float64(274.97228812435463), np.float64(580.4702538609823)]",3.1130713491086763
20,0.006,0.007,0.25,-3.527219359999998,-3.527219359999998,54.947940704396004,-1.014964968809927,266285.4,-8.818048399999995,-4.4090241999999975,"[0.0, -8.818048399999995, -8.818048399999995, 0.0]",-0.8048916039919622
20,0.006,0.007,0.5,-7.1095223279999376,-7.1095223279999376,110.75720855271253,-1.0149354577495753,535079.8200000001,-17.773805819999843,-8.886902909999922,"[0.0, -17.773805819999843, -17.773805819999843, 0.0]",-0.8048680554668435
20,0.006,0.007,0.75,-10.700469588000008,-10.700469588000008,166.70002777615878,-1.014932522293287,804784.97,-26.751173970000018,-13.375586985000009,"[0.0, -26.751173970000018, -26.751173970000018, 0.0]",-0.804865713102838
20,0.006,0.008,0.25,27.267952641559198,34.12301659840019,270.5184633110954,1.9944378613925444,2950041.7199999993,-2.1618487120009284,29.887736394902962,"[0.0, -2.1618487120009284, np.float64(39.10898142909458), np.float64(82.6038128625182)]",1.50708040944374
20,0.006,0.008,0.5,54.765935792276565,68.57214545359918,544.3769370704507,1.9916729467331422,5929089.83,-4.610356282001349,60.00639832578229,"[0.0, -4.610356282001349, np.float64(78.40392675774633), np.float64(166.23202282738418)]",1.5029573419415705
20,0.006,0.008,0.75,82.34300880515352,103.10135692720002,818.4976086137044,1.9916681143158081,8910503.089999998,-7.04316048400061,90.19531439834093,"[0.0, -7.04316048400061, np.float64(117.77487942491959), np.float64(250.04953865244474)]",1.5023935790486111
20,0.006,0.01,0.25,127.50331301310376,144.9511100960006,847.8150392519196,2.7032762810957185,15195451.080000004,30.28451575230655,112.24496048657122,"[np.float64(246.9402629253822), np.float64(69.65049524786092), np.float64(30.28451575230655), np.float64(102.10456802073517)]",2.494474541927721
20,0.006,0.01,0.5,256.40852060483206,291.4791375079979,1704.444860931966,2.703924269051144,30539355.23,60.59470464068997,225.69727739614433,"[np.float64(496.70718268996546), np.float64(139.99128844926582), np.float64(60.59470464068997), np.float64(205.49593380465603)]",2.4946310423907336
20,0.006,0.01,0.75,384.84737829510203,437.5664342407989,2560.669627719058,2.7018451440605498,45884276.910000004,90.64141203673893,338.71404211615857,"[np.float64(746.0934187442073), np.float64(209.7464859698501), np.float64(90.64141203673893), np.float64(308.3748517138378)]",2.4920463120739598
20,0.006,0.012,0.25,214.2139019402259,232.00406683600087,1057.1381912444015,3.470034871978629,24093692.11,130.2380324645113,211.94917552628195,"[np.float64(361.1585078904847), np.float64(196.84752139646025), np.float64(130.2380324645113), np.float64(159.55264035367148)]",3.452333958454927
20,0.006,0.012,0.5,430.6980055441903,466.47026253519766,2125.5959198615305,3.4698704409538683,48431795.50999998,261.57114830866874,426.15628290680263,"[np.float64(726.2287908203457), np.float64(395.59693358693323), np.float64(261.57114830866874), np.float64(321.2282589112629)]",3.452200650888662
20,0.006,0.012,0.75,646.7644493707413,700.5336348384009,3193.689239611755,3.4682176277040213,72771762.91999999,392.20516471831263,639.9038297345818,"[np.float64(1091.4419187233618), np.float64(593.9613087332118), np.float64(392.20516471831263), np.float64(482.0069267634407)]",3.450008249835872
20,0.006,999.0,0.25,199.6342350716637,219.64234371600068,1099.440122889092,3.1587444477419693,24917456.750000004,91.43539048547528,192.76161994611792,"[np.float64(361.1585078904847), np.float64(126.38993188293956), np.float64(91.43539048547528), np.float64(192.06264952557217)]",3.1149602247064605
20,0.006,999.0,0.5,401.3669702961392,441.6017239159974,2210.704129385819,3.1584218975050526,50086806.60999999,183.5038839192789,387.55014365658724,"[np.float64(726.2287908203457), np.float64(253.84686867922989), np.float64(183.5038839192789), np.float64(386.6210312074946)]",3.1148657950535226
20,0.006,999.0,0.75,602.7233645592446,663.2047220960003,3321.768525935978,3.156808580169534,75257467.2,274.97228812435463,581.9286507435845,"[np.float64(1091.4419187233618), np.float64(380.83014226563915), np.float64(274.97228812435463), np.float64(580.4702538609823)]",3.1130713491086763
20,0.007,0.008,0.25,12.403613536546871,23.352637606400187,346.9121705779091,1.0643547628454089,3755500.1999999997,-29.087796192000962,15.048230594044433,"[0.0, -29.087796192000962, np.float64(6.676905705660502), np.float64(82.6038128625182)]",0.9272886545997965
20,0.007,0.008,0.5,45.300741787249876,61.38454309359951,578.3233465216814,1.6782563808986355,6464569.7299999995,-22.579362182000523,49.84415881930798,"[0.0, -22.579362182000523, np.float64(55.72397463184826), np.float64(166.23202282738418)]",1.2638644954616491
20,0.007,0.008,0.75,77.757119652682,99.50531238720033,832.0659996883555,1.8908561733562872,9174751.439999998,-16.033271833999805,85.17646857687512,"[0.0, -16.033271833999805, np.float64(106.68960748905558), np.float64(250.04953865244474)]",1.4184136598981578
20,0.007,0.01,0.25,114.61570803679066,134.18073110400024,876.5531798039832,2.4203707097961074,16000909.560000006,4.37877337830968,97.60516642568672,"[np.float64(246.9402629253822), np.float64(36.99706137831983), np.float64(4.37877337830968), np.float64(102.10456802073517)]",2.143715821314591
20,0.007,0.01,0.5,248.11085558181574,284.291535147998,1716.522141167868,2.618692614013794,31074835.13,40.316302135591016,215.26754631907082,"[np.float64(496.70718268996546), np.float64(118.55076664607076), np.float64(40.316302135591016), np.float64(205.49593380465603)]",2.3775526461996805
20,0.007,0.01,0.75,380.7448052985428,433.9703897007993,2565.5077348322457,2.6745872754406994,46148525.26,80.36460226128158,333.49305900814113,"[np.float64(746.0934187442073), np.float64(199.13936331323782), np.float64(80.36460226128158), np.float64(308.3748517138378)]",2.4535877421399714
20,0.007,0.012,0.25,201.94127761185857,221.23368784400077,1081.1898437846858,3.235335370413779,24899150.589999996,97.8301308334397,196.04575022940784,"[np.float64(361.1585078904847), np.float64(165.64172184003553), np.float64(97.8301308334397), np.float64(159.55264035367148)]",3.1800554745652083
20,0.007,0.012,0.5,422.7146386291889,459.28266017519775,2135.8814398136824,3.3999529863919493,48967275.40999998,240.7060183635477,415.88971593906183,"[np.float64(726.2287908203457), np.float64(375.39579566109126), np.float64(240.7060183635477), np.float64(321.2282589112629)]",3.3671996352742237
20,0.007,0.012,0.75,642.8035037295514,696.9375902984008,3197.865418979502,3.445908260009772,73036011.27,381.89119408285075,634.82308682343,"[np.float64(1091.4419187233618), np.float64(583.9523077240667), np.float64(381.89119408285075), np.float64(482.0069267634407)]",3.4225522649780604
20,0.007,999.0,0.25,187.2422469053544,208.87196472400032,1122.4672047984548,2.942229158493688,25722915.230000004,59.11470380695437,176.5978366729666,"[np.float64(361.1585078904847), np.float64(94.05548546885514), np.float64(59.11470380695437), np.float64(192.06264952557217)]",2.8899626713040822
20,0.007,999.0,0.5,393.30921561336294,434.4141215559975,2220.514978053144,3.0932871100528185,50622286.50999999,162.33721188840806,377.00934687128284,"[np.float64(726.2287908203457), np.float64(232.85035356888312), np.float64(162.33721188840806), np.float64(386.6210312074946)]",3.0429628926352468
20,0.007,999.0,0.75,598.7261080276751,659.6086775560002,3325.743517730465,3.1359390379447722,75521715.55000001,264.4758122701368,576.7038452217963,"[np.float64(1091.4419187233618), np.float64(370.42739603270417), np.float64(264.4758122701368), np.float64(580.4702538609823)]",3.0896010671663903
20,0.008,0.01,0.25,222.15470344607488,248.33425457039917,1347.9071440120865,2.913041410052423,24133914.909999996,43.53407545193152,202.47572576858988,"[np.float64(246.9402629253822), np.float64(43.53407545193152), np.float64(154.51277596834615), np.float64(364.9157887286997)]",2.897867144324529
20,0.008,0.01,0.5,322.90356678683344,360.4146905191974,1942.299082703152,2.9339748300739608,36494927.46999999,125.14557803468539,288.6932257596398,"[np.float64(496.70718268996546), np.float64(125.14557803468539), np.float64(146.55460059155), np.float64(386.36554172235833)]",2.7817999582951316
20,0.008,0.01,0.75,418.883641157419,471.9739687143972,2656.73999013101,2.808917588832147,48855453.54999999,134.48732713775203,371.0762749986609,"[np.float64(746.0934187442073), np.float64(203.1827154199685), np.float64(134.48732713775203), np.float64(400.54163869271554)]",2.62100099692964
20,0.008,0.012,0.25,311.0772195773071,335.38721131039995,1482.4320782678108,3.577187452231614,33032155.93999999,174.62315191856868,305.16538629958114,"[np.float64(361.1585078904847), np.float64(174.62315191856868), np.float64(261.784254676651), np.float64(423.0956307126201)]",3.656657318236353
20,0.008,0.012,0.5,498.138813332562,535.4058155463966,2315.475164473266,3.6560570279572744,54387367.74999998,354.0030774493068,491.627647984194,"[np.float64(726.2287908203457), np.float64(384.35905260966956), np.float64(354.0030774493068), np.float64(501.919671057454)]",3.6552298298611765
20,0.008,0.012,0.75,681.0613766253105,734.9411693119989,3268.4542655528153,3.555332050608137,75742939.56000002,439.6897563222613,673.4653595957701,"[np.float64(1091.4419187233618), np.float64(589.0074047543686), np.float64(439.6897563222613), np.float64(573.7223585830883)]",3.5427450033140873
20,0.008,999.0,0.25,296.9424938100149,323.02548819039924,1513.7332270657378,3.3740961310256123,33855920.57999999,103.1518091076681,286.1604019154816,"[np.float64(361.1585078904847), np.float64(103.1518091076681), np.float64(225.3628008104889), np.float64(454.9684898532848)]",3.4527425445233453
20,0.008,999.0,0.5,469.2461652140148,510.53727692719593,2394.5581269554964,3.3711034351935663,56042378.84999999,241.7711730228078,453.1361865375301,"[np.float64(726.2287908203457), np.float64(241.7711730228078), np.float64(278.24482619962237), np.float64(566.2999561073442)]",3.3591364089015867
20,0.008,999.0,0.75,637.2724354212886,697.6122565695993,3394.0915218068963,3.249829358218476,78228643.84000002,323.707260366662,615.5266297016987,"[np.float64(1091.4419187233618), np.float64(375.5001939604227), np.float64(323.707260366662), np.float64(671.457145756348)]",3.2165126055485556
20,0.01,0.012,0.25,606.2372711101334,670.9028004688034,3464.5330693663227,3.061856959637777,70125597.5,230.49311004257962,558.8805508662841,"[np.float64(1114.2995670601163), np.float64(416.8069574947137), np.float64(230.49311004257962), np.float64(473.92256886772674)]",2.950115107683835
20,0.01,0.012,0.5,695.1445581293816,758.8445225896015,3632.0752640040587,3.3034517554033185,79110417.42999996,333.68978393670415,661.2115644364721,"[np.float64(1230.6029822293635), np.float64(547.0648148086611), np.float64(333.68978393670415), np.float64(533.4886767711594)]",3.2503246714948424
20,0.01,0.012,0.75,780.4512901878146,846.8236209616018,3904.663393171484,3.4290938155551296,88097237.73999998,430.0126033304261,758.9949484191981,"[np.float64(1344.774934296963), np.float64(671.6576851898961), np.float64(430.0126033304261), np.float64(589.5345708595072)]",3.4007403303157555
20,0.01,999.0,0.25,592.3992784339088,658.5410773488031,3479.2338102532726,2.992741866134804,70949362.14,193.8930763593767,540.6836605759386,"[np.float64(1114.2995670601163), np.float64(346.9311351288946), np.float64(193.8930763593767), np.float64(507.61086375536667)]",2.850472250584999
20,0.01,999.0,0.5,666.7668529513071,733.9759839704018,3684.503670468592,3.149726618286308,80765428.52999997,257.8170290776,623.7248887326915,"[np.float64(1230.6029822293635), np.float64(406.304253476585), np.float64(257.8170290776), np.float64(600.1752901472174)]",3.049273932592026
20,0.01,999.0,0.75,737.0914187468092,809.4947082192003,4011.4602187874907,3.1906673532959036,90582942.01999997,314.0962007802919,701.7585308043796,"[np.float64(1344.774934296963), np.float64(459.376311831923), np.float64(314.0962007802919), np.float64(688.7866763083402)]",3.119421011528339
0,999.0,1000.0,1.0,804.4913878140055,885.2020694736019,4433.199064280688,3.157149823910946,100436805.86,366.72380267675976,776.7214520822761,"[np.float64(1456.802976205394), np.float64(508.5132168986071), np.float64(366.72380267675976), np.float64(774.845812548343)]",
