t,pnl_next,direction,scale,market2,market1,market5,market10,market20,market60,disp2,coherence2,next_market1
3,1144.0521817999927,1.0,1.4999999996534623,-0.021687075368564342,-0.006694790502726793,,,,,0.027956512446612285,0.7757432337091223,0.002012140123043067
5,2871.5811031999765,-1.0,1.499999985533893,0.013354842561644807,0.011414243312454594,,,,,0.022230592702348523,0.6007416329585289,-0.004881886466534936
6,-7588.344579999988,-1.0,1.4991390866586887,0.006483414384197473,-0.004881886466534936,-0.013547408412065904,,,,0.024964786053176532,0.2597023812015613,0.012577943391031209
7,216.37443500000455,-1.0,1.499868517601607,0.007658047315852251,0.012577943391031209,0.014249030601559133,,,,0.03183658194861886,0.24054238385928467,-0.00045934798244940496
8,5608.688362800003,-1.0,1.4999999173653644,0.01226570476623477,-0.00045934798244940496,0.020844242669852676,,,,0.0376087840226318,0.3261393603912759,-0.009465112253775318
9,252.33536480000302,1.0,1.457819637469792,-0.010040671962390611,-0.009465112253775318,0.009021467949439666,,,,0.023627969570759706,0.42494857344053094,0.0004865142624916101
10,7316.6129190000065,1.0,1.283471033381492,-0.008972329758664237,0.0004865142624916101,-0.0018029613129599048,,,,0.02608895131382678,0.3439130094090454,0.012233012261724052
11,-10586.155288800002,-1.0,1.4999999535686372,0.012625988375566275,0.012233012261724052,0.01586294691111123,0.002200040823712277,,,0.029883398883532412,0.4225084443966637,0.01759210418817017
12,2955.202339000002,-1.0,1.5,0.03015515804362498,0.01759210418817017,0.02032705972585025,0.03509198120623204,,,0.04185307031427208,0.7205004989405028,-0.005094236021503063
13,-4230.913376999994,-1.0,1.4999999442351206,0.012511507673513797,-0.005094236021503063,0.015913010902575523,0.037414190924862346,,,0.03585366100394217,0.3489603940902475,0.0069274761177563395
14,1007.6704979999956,-1.0,0.5971172402381366,0.0018564767796757588,0.0069274761177563395,0.03265774639977101,0.04270018565969407,,,0.03222287670180468,0.057613626395181056,-0.0027987545516292523
15,-1776.6341727999936,-1.0,1.4506127415580217,0.003940250566384382,-0.0027987545516292523,0.029142593512669627,0.02765963795263488,,,0.024850373422007556,0.15855900832841754,0.002888610377253781
17,110.67966359998726,-1.0,1.4998598451514802,0.007618123346310545,0.004661967750814069,0.006136175441638831,0.02688776079852328,,,0.030262387549133175,0.251735701089082,-0.000271612135747206
18,1681.9902370000027,-1.0,1.476477611141737,0.004410399891554588,-0.000271612135747206,0.011219242422614874,0.02709573682569066,,,0.02752931435964321,0.1602074005163036,-0.002885509896679176
22,3278.7968692000036,1.0,1.4968601282616245,-0.011674129575851028,-0.007972732818106338,-0.016502132703312383,-0.010486570035108478,0.02389230806990826,,0.033706242150827626,0.3463491872992546,0.005622374387930719
24,1086.4223096000037,-1.0,1.4999999911060213,0.013658863805447409,0.007945301499245066,-6.180055947929152e-05,0.002092586572255356,0.042527651707071616,,0.02933472764847029,0.4656209516968082,-0.0019114372558792802
25,5304.7534929999965,-1.0,1.4979957517776599,0.005954984344399565,-0.0019114372558792802,0.00014474259114854678,0.003114932879189779,0.02917480060795482,,0.023515286060184184,0.2532388646754537,-0.008930210708483093
26,2541.062272400004,1.0,1.4891576143060865,-0.010897647856531884,-0.008930210708483093,-0.005137646532897709,-0.008783755274403619,0.025387866922968662,,0.023918408184381314,0.45561760517357636,0.00441211263806737
28,-4647.129233799995,-1.0,1.1918251497642074,0.0027261390999855123,-0.001738716593562077,-0.0002692024206043226,-0.010856173179418503,0.014109280463723652,,0.033434779989569036,0.0815360262826916,0.007629933497040061
29,1324.2640589999926,-1.0,1.4975821127013944,0.005837615153861646,0.007629933497040061,-0.0006691987894309993,-0.0005672387544368391,0.03279689197216176,,0.030060039171054535,0.19419852118765074,-0.0023503479726667857
30,-1258.9856145999938,-1.0,1.493308366705055,0.005200317365500753,-0.0023503479726667857,-0.0013757192966948949,-0.0012158845345448216,0.03036644247398568,,0.027207525530501257,0.1911352562977801,0.001967942472841469
32,-2264.9665909999894,-1.0,1.4999999994234567,0.015368913516702911,0.013482123220634605,0.01903484193425352,0.026222131171845593,0.01651443077138871,,0.025385861007249547,0.6054123400547236,0.003704560076443277
33,5705.657063999988,-1.0,1.499999999966918,0.017155202394400847,0.003704560076443277,0.024641682367559196,0.024043490620612656,0.02688679537941037,,0.02650543776984896,0.6472333165504478,-0.009428513069864076
36,-3261.826405599987,1.0,1.4677158037023665,-0.010210293996338974,-0.017539738672207053,-0.003012511433057261,0.0069303227546116146,-0.0022560128551246824,,0.029535323909262282,0.34569771530885507,-0.005385141725463371
37,3744.013557599999,1.0,1.4999999999429192,-0.022814276411856543,-0.005385141725463371,-0.021241345959321017,-0.0027578813386777514,-0.012923454110836978,,0.028700615137021632,0.7949054855771313,0.006251396070287323
39,1771.9741210000066,-1.0,1.4999898535588785,0.009259171384800879,0.003008348047246888,-0.006118544661700007,0.0009175626053403914,-0.0010089550710542495,,0.027342186562725974,0.3386404874225887,-0.0030566305323458626
41,5141.497053800004,-1.0,1.3991970887411553,0.0034810763607804416,0.006608160743739706,0.007584364196289447,0.004731153352435462,0.008553428088410675,,0.02374084653778354,0.1466281480418279,-0.008636531793207697
44,50.955773799991626,-1.0,1.4999999706827631,0.012913363079018003,0.010255956756383728,0.007677387534055708,0.001412342229817001,0.006992275179443448,,0.027111643168939686,0.4763032250960034,-0.0002226587360621043
45,13.335214799996699,-1.0,1.4999969539711326,0.010011225837401777,-0.0002226587360621043,0.010491642870121992,-0.006065149172879289,0.00863721726245791,,0.027249779018860772,0.36738741369141253,-3.923535734521899e-05
47,-4902.246887999995,1.0,1.498310252073432,-0.0120617440757685,-0.011877548875424493,0.0005432424508827118,0.004868693375589286,0.0019535461203724212,,0.028794596251599993,0.4188891544224476,-0.008130897877659226
48,-15199.993709000004,1.0,1.4999999940268054,-0.01990767167137553,-0.008130897877659226,-0.010040225440474781,-0.009713332067391242,-0.004504219528162315,,0.029430310623958993,0.6764343035906949,-0.02524059433862026
49,-5005.196722800005,1.0,1.5,-0.03316188840974765,-0.02524059433862026,-0.04501041740025346,-0.037667211232852785,-0.03722657596902077,,0.024526196556027002,1.3521007357987,-0.008232824979487635
50,-7907.1986631999935,1.0,1.5,-0.03325352249824727,-0.008232824979487635,-0.05249855339276644,-0.04225416847333863,-0.04315928685316217,,0.02842930855257376,1.1696915680081414,-0.013041110270336201
51,432.08665899999835,1.0,1.4999999992983013,-0.021246129823535985,-0.013041110270336201,-0.06472898098365659,-0.06106593415310021,-0.057426116037452644,,0.027027243615396806,0.7861005038424469,0.0008117023380405054
52,2418.618755400003,1.0,1.4987592273917443,-0.012254884576155122,0.0008117023380405054,-0.052774796383540726,-0.05243870745429038,-0.06900168340483996,,0.026808398485558896,0.4571285592743096,0.004130407970735453
53,7789.3592102000075,-1.0,1.4895345210186017,0.004919855567462951,0.004130407970735453,-0.041032944463039366,-0.0507999502985442,-0.06827135818585073,,0.024169512334810583,0.2035562612646114,-0.013057094768908336
54,155.6794744000142,1.0,1.3006182935478223,-0.009028570049200825,-0.013057094768908336,-0.02937521414086288,-0.0728304649598504,-0.07158828775708563,,0.023923992164345122,0.37738559631600543,0.00017455161353014816
55,14722.060654199991,1.0,1.4996139083096895,-0.012984732475196678,0.00017455161353014816,-0.0211684509308251,-0.07245117012448432,-0.0774402999326219,,0.026499751769487476,0.4899944945955172,0.0246873667227584
56,-2419.1902847999986,-1.0,1.4999999999999998,0.024790008564101445,0.0246873667227584,0.016246421345369497,-0.04939954712422298,-0.03819987786677165,,0.0294207187319407,0.8426037715111321,0.003959987119620721
57,3226.0586269999894,-1.0,1.5,0.028792425180770992,0.003959987119620721,0.019504290473824005,-0.03393554535867409,-0.028760984738532204,,0.03150134563967129,0.9140061986593737,-0.0055763784991584
61,-5255.612107799996,-1.0,1.4354809929001833,0.0037693373030744195,0.006524985688739334,0.005561098417409456,0.021993948172164903,-0.04031292170774188,-0.019386353458698106,0.03107941919652516,0.12128081542449966,0.008771732117368085
62,6920.570471600006,-1.0,1.499999999450953,0.015399455073061842,0.008771732117368085,0.010393497188448361,0.030003010783467,-0.02421026030175207,0.003709572916971312,0.027213251350289954,0.5658807495965661,-0.011605357744707443
64,5248.617957799997,1.0,1.4999999999803586,-0.02348104796386237,-0.011965847751107598,-0.010426351702015401,0.015218977197855709,-0.05910808585415256,-0.014610166603236772,0.030413000449768902,0.7720727194491852,0.008818838866844314
66,1731.4939427999998,-1.0,1.4999999999424865,0.01680955797119915,0.007975795910128399,0.0014339411659173731,0.0072176218505942535,-0.04251091668123087,-0.00316536177671063,0.030972269534029755,0.5427292937874704,-0.002853542786140993
67,-6772.564057400003,-1.0,1.488192627044464,0.004844117318886643,-0.002853542786140993,-0.010137572261777625,0.0005230313234951909,-0.03348387611212733,-0.019738065810401332,0.029427457923827817,0.16461215683072286,0.01121202438532377
68,3150.662521999992,-1.0,1.4999552579071125,0.008331792911863594,0.01121202438532377,0.013038840762031616,0.01737885881857697,-0.01468805889130304,-0.007479473035228975,0.033164892737762526,0.2512232732891299,-0.005308158671484358
69,-2053.995173399992,-1.0,1.497724692336399,0.005875637620856513,-0.005308158671484358,0.019422731875088632,0.00834199898034635,0.004683208714521389,-0.0040451723552606,0.030130758103432947,0.19500463946796853,0.0032516446573494407
71,-5142.205811400014,-1.0,1.499990648390233,0.00931015565819643,0.006071269561770671,0.012112025369520565,0.013318012038121295,0.03515915730165662,-0.008222210107603725,0.028732161266056048,0.3240325561305886,0.008544409961171026
72,-1255.9669979999812,-1.0,1.4999999985857149,0.014808082776956813,0.008544409961171026,0.024220043855851896,0.013321351862806276,0.04327780473182569,-0.017261066052228918,0.033621957245526454,0.44042893365248964,0.002003196128475901
73,4923.598117999989,-1.0,1.4999988756616411,0.010634128814314523,0.002003196128475901,0.01497209746874061,0.027491598791812986,0.040740072957669175,-0.008716124825947049,0.031213533636904604,0.34068968089346685,-0.008289310725935237
75,-2152.908709399991,1.0,1.4999874600458474,-0.015126797746712413,-0.007051856529398056,0.0011844739987972733,0.015030205060507286,0.038357649664222684,-0.02723050222895571,0.034714079110624546,0.4357539688294,-0.0034757780900286665
76,3332.2526839999996,1.0,1.4789548354792164,-0.010480575933287202,-0.0034757780900286665,-0.008418709369365132,0.0035947569456875016,0.00995749046988712,-0.03376694130906988,0.029287723118843208,0.35784877816412375,0.005685291772313385
77,-2664.326945399994,-1.0,0.8702999055028874,0.0021803815054389254,0.005685291772313385,-0.011138085536769314,0.011996422405731759,0.011321922110802504,-0.03346148103955906,0.02625366273889708,0.08305056430120514,0.005037231853632569
78,3183.569041999997,-1.0,1.499998990653011,0.010701560818631873,0.005037231853632569,-0.008445061174295212,0.005769295667162566,0.02159659583593048,-0.0289529638240457,0.027885109272709034,0.38377331478149945,-0.0052771130176633195
80,4477.436287799991,1.0,1.4999996355401557,-0.01733821252744877,-0.012101945807583498,-0.010354779245706202,-0.009151971448524168,0.003054638668969681,-0.041142467966906855,0.030703799591924142,0.5646927337295788,0.007560478475997555
82,-476.28239699999517,-1.0,1.4999999825079693,0.013236131983051864,0.005777040246890693,0.0005140871821150319,-0.010741475582559007,0.0009449036475229092,-0.015904436955447243,0.028346103193227553,0.46694714588544356,0.0007269868414391343
83,9672.6308978,-1.0,1.4990834073993908,0.006444232178861184,0.0007269868414391343,-0.003641383490708338,-0.012144817135745684,0.01326975664669261,-0.02079142881383322,0.031218503641829234,0.2064234805356477,-0.016340485520024737
84,3279.043019999998,1.0,1.4999940081633623,-0.015588375569147536,-0.016340485520024737,-0.014643139461733833,-0.019894399230145528,0.009193954460619052,-0.04338074085328314,0.029960678210090914,0.5202944826495045,0.0055441227794339396
85,-3640.254009199991,1.0,1.4895352050296664,-0.010919896589764586,0.0055441227794339396,0.0027187769927745826,-0.007556274630837109,0.005943614591154112,-0.03559623321069852,0.027221249097134127,0.4011533986114635,-0.006158315615828802
87,6706.688732199995,1.0,1.4992851890568222,-0.012599685769989207,-0.006512632099228617,-0.022697954300708315,-0.021845167174689165,-0.010383705611643755,-0.04193903784630791,0.032156039406647734,0.3918295288375728,0.011330289990660814
88,-2164.471137000007,-1.0,1.483505678918317,0.0046340064227547995,0.011330289990660814,-0.012244999785214199,-0.016096909179981994,-0.010444715622293273,-0.028748222685134835,0.02409146521110823,0.19235054332096518,0.003559784328949207
89,-2031.135238599996,-1.0,1.4999999987235597,0.01487217589283656,0.003559784328949207,0.007521016685237479,-0.007435187630296125,-0.0013564221683536675,-0.033062367415763835,0.023881122702893838,0.6227586566118349,0.0033435330124006912
90,-7197.245356400013,-1.0,1.4996447746341866,0.007036816730165654,0.0033435330124006912,0.005471075617012113,0.008093968769394456,-0.0007457597349079607,-0.027964081518305345,0.03644260817344564,0.19309311497888668,0.011989084423873798
91,7242.451791200002,-1.0,1.4999999994166424,0.015361569833282306,0.011989084423873798,0.023683416566504013,0.012565346216010681,0.004924097163556658,-0.018952805058305787,0.033298786932884246,0.4613252087604421,-0.01211835795132136
94,3608.586947800008,-1.0,1.4999999999998153,0.02039792256582049,0.007785996808522901,0.02319488121282919,0.030412922518062477,0.010909452298311726,-0.017359005084234533,0.0317160506410166,0.643141947170465,-0.005968466769955608
95,1067.9201150000006,-1.0,0.5151688496537644,0.0017692574738376848,-0.005968466769955608,0.01372139074399152,0.018695400454305164,0.011458962139200961,-0.03116646547748062,0.02862236653034669,0.061813808161594194,-0.0036472179146733795
96,-3646.540369000002,1.0,1.4143432270898326,-0.009586771422004483,-0.0036472179146733795,-0.0019301910981965396,0.021220129972465588,0.011367872598300504,-0.017899756174082224,0.02890720987417905,0.33163945824352037,-0.005901333041727133
97,-5581.007668999993,1.0,1.4100806216888608,-0.009555313754116387,-0.005901333041727133,0.004461502482539127,0.021876681112157056,-0.0004785356481248359,-0.018999660570597272,0.02574189713522613,0.3711969519542736,-0.009208996038982356
98,2514.450415999999,1.0,1.4999865903969358,-0.01508489051819461,-0.009208996038982356,-0.01679607786353813,0.0015705091844352664,-0.01452510679472722,-0.03450404412363155,0.022549021312255713,0.6689820506753328,0.004340038776924749
100,2087.8106263999944,-1.0,1.4993922153150852,0.006701085914884765,0.0023747881577936072,-0.011966682374220893,0.0015519775122457052,0.008714752567948248,-0.028145678921762333,0.030741734422666287,0.217980086053439,-0.0034445718190879346
103,4776.208501599995,-1.0,1.485712716482179,0.00472434051731203,0.007047695501912001,0.007920574031656948,-0.008945350610313601,-0.0033808294396218347,-0.026693139591562706,0.028244850663948405,0.16726378105238685,-0.008113622781642646
105,8678.708103000006,1.0,1.4999715831403373,-0.014615504564942249,-0.006641041971734259,-0.013231117418389143,-0.02516455830807182,-0.006741439368385606,-0.05006310237654725,0.029964432433948703,0.48776176879570626,0.014710421089843901
106,-2155.3704423999943,-1.0,1.4999169872711637,0.00794548383042683,0.014710421089843901,0.005043411887480996,-0.007290251993430235,0.013700055351114009,-0.036294884948912004,0.03052269914876088,0.2603139319921315,0.0035036243885405737
107,-3018.763796999996,-1.0,1.4999999999944331,0.018269061355867124,0.0035036243885405737,0.010733401828580983,0.0023693245646870895,0.024817462476958586,-0.020712279765436277,0.035233019754971104,0.5185210204211775,0.004975667814807895
108,10532.385274999988,-1.0,1.4999683425591923,0.008548009630758599,0.004975667814807895,0.008108737295206234,0.016780786199328938,0.01845974918787253,-0.007615192623187894,0.029479467068258748,0.289964863033852,-0.017582247942261497
109,-11483.318484000005,1.0,1.4994770887416107,-0.012795112707388208,-0.017582247942261497,-0.0014782749071131575,-0.005565326201445655,-0.003168572957800469,-0.001249246911921263,0.023051285719533455,0.5550715419116836,-0.01896828565320642
110,-5481.01157360001,1.0,1.5,-0.036517323975578816,-0.01896828565320642,-0.014108975461621596,-0.02698419010436961,-0.02513154642772542,-0.012452381706717175,0.02156320162173962,1.693501949115141,-0.008989528883303342
111,155.08937100000776,1.0,1.4999999999999782,-0.027731332500236017,-0.008989528883303342,-0.037197320738557145,-0.032660455664496,-0.045763465265589574,-0.008871022052138198,0.032445438188250596,0.8547066721471591,0.00041079275041370144
112,2646.5806480000006,1.0,1.0986972235343568,-0.00853397241595606,0.00041079275041370144,-0.04002257507178203,-0.03008063529013213,-0.03399617154087904,-0.008509140139449369,0.02978539140411704,0.2865153692348815,0.004667181967437454
113,-13797.756164800003,-1.0,1.491190808661914,0.00502795029056805,0.004667181967437454,-0.04027173265815694,-0.03278128497260888,-0.040756563817367315,-0.008040275420331658,0.02771600169977319,0.18140965443111498,0.022945392146950242
114,-12607.5021992,-1.0,1.5,0.027745404126806233,0.022945392146950242,-0.000468043129912182,-0.0024315884891307313,-0.027256222279492908,0.027736899289488956,0.0319911218802509,0.8672844994515283,0.02104493495641327
115,-407.2883445999936,-1.0,1.5,0.04445007757424821,0.02104493495641327,0.04009112471536978,0.0253333474406154,-0.0009041897413746694,0.04969180586788621,0.029914780885175938,1.4858901271870968,0.0004932176701251188
116,2488.2976119999917,-1.0,1.499999999999967,0.021474285068316654,0.0004932176701251188,0.05001243033008632,0.010922461770969725,0.0034688002752389312,0.02561974401929006,0.025797443838581183,0.8324191033299563,-0.00432276991340063
118,-1396.048069399984,-1.0,1.3304330460664509,0.0031378509554304337,0.007399198648102299,0.0481975901121689,0.005464521261890134,0.022562291868292332,0.030403962941610158,0.03188354749731587,0.09841599200009332,0.0022296625822698754
119,1335.4590949999963,-1.0,1.4999932759636962,0.00951631874098024,0.0022296625822698754,0.02697562572843301,0.025679465370615176,0.01986281406689743,0.02822136828214896,0.027990985534443784,0.339977980742054,-0.0023418472683073787
121,-4025.675276600005,1.0,1.49999961799291,-0.017308823279871578,-0.014939354477557086,-0.012067743036181971,0.03726267395706829,0.003400107078097437,0.006657721043426038,0.025219173348290436,0.6863358699679549,-0.006510672800245475
122,-9470.657591999989,1.0,1.4999999994349655,-0.021381515614662824,-0.006510672800245475,-0.014690382031771901,0.029906873631439918,-0.0016055965444179204,-0.009156413682975541,0.029663535869964737,0.7208013133832869,-0.015684997276458296
123,-2244.552543600006,1.0,1.4999999997769509,-0.02196245014547804,-0.015684997276458296,-0.03708390947331241,0.00894474652275845,-0.02492372404910477,-0.013400795807448337,0.036144269884358586,0.607632972411549,-0.003536636446575203
124,7946.012354000007,1.0,1.4999999799272694,-0.019150121469029602,-0.003536636446575203,-0.04265884906537203,-0.017438612749431003,-0.02077961143298566,-0.004940820855420432,0.030777902827813616,0.6222035847005102,0.013179168238166943
125,-3418.92980399999,-1.0,1.4999938198115796,0.009569031286269927,0.013179168238166943,-0.02738807196320658,-0.024983864280592405,-0.0012638881857314516,0.00012855043261852993,0.02988370389504616,0.32020901156955284,0.005644636774923646
126,-7149.389850000016,-1.0,1.4999999999980809,0.018934660936772603,0.005644636774923646,-0.007229172361515668,-0.01998066545803835,-0.009669362129688447,-0.0014489554788915061,0.030187534581630465,0.627234426367982,0.011912050205206465
127,-3312.858562999988,-1.0,1.499999999983344,0.017584084607036025,0.011912050205206465,0.01127288971269203,-0.004019317224720384,-0.0016648782499723864,0.013285635984438176,0.0292529025581533,0.601105636340864,0.005526248895568726
128,1560.7695055999986,-1.0,1.4999999999831886,0.017578277125140544,0.005526248895568726,0.03296340165978273,-0.005577025620913843,-0.0007714530918245331,0.007839798952587037,0.03125103180390375,0.5624862959867053,-0.0027392671611517843
129,-3017.696846000008,-1.0,1.2268143063442936,0.002811359700257337,-0.0027392671611517843,0.03408446693965531,-0.010173874865901652,0.014284288039851992,0.011099943342267526,0.027142317715727456,0.10357846848975287,0.004942276959369325
130,3190.998183000006,-1.0,0.9209017434093205,0.0022494236556969836,0.004942276959369325,0.025462495806379045,-0.002609395800408053,0.03954709678384428,0.013919287787258006,0.02921771156048149,0.07698835862078428,-0.0058227717019781544
132,-3152.951077999998,-1.0,0.4837891624147226,0.0017365738849195761,0.007683213302608472,0.009641378990677877,0.020714168584145966,0.0508590858651206,0.0009931375835580125,0.026615488505654972,0.06524674099258436,0.01092128867055731
133,-3873.3744828000144,-1.0,1.4999999999971376,0.018684811241904128,0.01092128867055731,0.015163460572483299,0.04832604038288426,0.057214443338011976,0.008779197044458387,0.03118836209103555,0.5990956237895766,0.006371210406917053
134,-429.28468619998944,-1.0,1.4999999999809477,0.01750007412523109,0.006371210406917053,0.024452385424877793,0.059409510980133695,0.04030866936390441,0.023778410641174554,0.03437514022262366,0.5090909887754752,0.0006036035057457334
135,561.1735479999877,-1.0,1.499599962918749,0.006962552510164988,0.0006036035057457334,0.019800329236538915,0.046303753129892204,0.02004668870236219,0.03204669453387372,0.027831262771170123,0.25017019771655363,-0.00107941788020767
137,-1344.1733760000031,-1.0,1.499999999999932,0.02102321279962757,0.022096515874170816,0.03963929010657721,0.05002726726167712,0.04603183562018431,0.053203526116021846,0.03127554831301149,0.6721932606655958,0.002220429314874306
138,-6185.483593999999,-1.0,1.4999999999999998,0.024338781119062618,0.002220429314874306,0.030556282940849302,0.046732664164066344,0.04121473457276648,0.049679406812223215,0.027895195529329626,0.8725079949151919,0.010286430706350224
139,2277.343870799995,-1.0,1.4999999428042554,0.012495673154824593,0.010286430706350224,0.0346437452844051,0.060473405596683065,0.04979577793846971,0.0660966697986457,0.025456421020011305,0.4908652769767493,-0.004050838591591216
140,4077.600779800002,-1.0,1.4986795819435828,0.006215980817650474,-0.004050838591591216,0.029656753457040778,0.0509041021032068,0.04886298313783338,0.07540744745676467,0.029077805012247947,0.21377063416692635,-0.006840599563169472
141,-4192.959019400001,1.0,1.4891347592216864,-0.010896326042774854,-0.006840599563169472,0.023415973400473362,0.049754454983336395,0.056827844612266164,0.059076132732684736,0.02745627199174922,0.3968610904659332,-0.006803427099018033
142,4380.937103199998,1.0,1.4998541634209646,-0.013593285175237346,-0.006803427099018033,-0.005562886388333206,0.03466416953704493,0.055624759501503966,0.04567940773593042,0.029135803994749077,0.4665491701443063,0.007329262571739091
144,4826.814592200004,-1.0,1.4999999999678377,0.017172824762459488,0.00992005748757744,-0.0005956789942861701,0.034492098702209116,0.09721520523051413,0.08060855116336739,0.02309284200561407,0.7436427598770486,-0.007910825368464562
145,4952.827685000002,-1.0,0.619347382366965,0.001880697033192676,-0.007910825368464562,-0.004621357982166306,0.025130594649059305,0.07442513536934627,0.06634181371332741,0.030480081050384942,0.06170249449415175,-0.013523911942731203
146,-9301.6171346,1.0,1.4999999994234785,-0.021368937044698225,-0.013523911942731203,-0.011348948649373157,0.012359355187089187,0.054545101143178024,0.05914598518572769,0.03318598378314928,0.6439145268174526,-0.015554165613576615
147,-9821.644011200005,1.0,1.4999999999999958,-0.028753070786135974,-0.015554165613576615,-0.019930310602883496,-0.024755201217030707,0.02665907376536481,0.05076344714023961,0.032184951603085384,0.8933700177874304,-0.01632132561002765
148,1704.2786406000062,1.0,1.5,-0.03169184083767658,-0.01632132561002765,-0.042778320271175264,-0.042950624843619584,0.00410449399032045,0.022937970526100304,0.023167246294921336,1.367958903455176,0.003097928825403008
149,2181.1793210000037,1.0,1.499758665099039,-0.01327844946989196,0.003097928825403008,-0.04925885187060347,-0.05011108530342633,0.00881452176707829,0.02156056699652714,0.027777893898963964,0.4780221826100073,0.003618528102253119
150,10228.314404799998,-1.0,1.499369275818571,0.006677925196738113,0.003618528102253119,-0.0384839601764728,-0.042603521060633406,0.007141997312798643,0.022767009711790413,0.025979493677635482,0.25704601019560375,-0.01732416732340434
151,141.22307319999538,1.0,1.4998818927849804,-0.01372510077002479,-0.01732416732340434,-0.04211100655590413,-0.05276730553561109,-0.0045873359288001354,-0.0061964431791856995,0.026867024800656388,0.5108530204538864,0.0002866407463820632
152,7076.9738958000025,1.0,1.4999994550290376,-0.017086764898407963,0.0002866407463820632,-0.02647358881846573,-0.045953336707508764,-0.011855998460067086,0.0061830119662836325,0.023652800277035934,0.7223992380723389,0.011817301818835708
153,3095.128133000001,-1.0,1.4999998930480536,0.012104485558250338,0.011817301818835708,0.0011519428158753276,-0.04170464943855547,-0.010916631343092677,0.007780000104285313,0.03052388180713428,0.396557870153369,-0.005265293672347644
154,-8984.379694999998,-1.0,1.4990151557146922,0.006399327332385778,-0.005265293672347644,-0.006985852664556736,-0.05620123455899961,-0.022859721894057605,-0.006601575864966667,0.027448025942192818,0.2331434452103457,0.014906484858260542
155,13340.456319000012,-1.0,1.4999932156118938,0.009510734043865899,0.014906484858260542,0.0039874886934750135,-0.03450930767460609,-0.009229328479454362,0.014647361593346486,0.024323562061889827,0.3910090972558383,-0.022352281247003288
156,-611.224780399997,1.0,0.4835639457935402,-0.007736340512629616,-0.022352281247003288,-0.001202763211420047,-0.043248311330961506,-0.03057409567292732,-0.005160584461537406,0.026374610056753515,0.29332530399434814,-0.001985359899911859
157,-3392.252080999993,1.0,1.4999999999946092,-0.024289130770715185,-0.001985359899911859,-0.0034833110359448896,-0.030116884283860626,-0.05362116134490231,-0.001570352815430117,0.026537611412383935,0.9152719283311428,-0.005648814942167807
158,550.2341218,1.0,0.30902219474167325,-0.007559066117163722,-0.005648814942167807,-0.02075346088453535,-0.019482128016619037,-0.061349455726489546,0.002344667464243394,0.028517115462749657,0.265071203538721,0.0032725750704972246
160,-1107.0049110000045,-1.0,1.5,0.02714078803643038,0.023697450997359176,-0.0031347729601833635,0.0005329470657534488,-0.04242023960431487,0.021955454754296676,0.03307006689849791,0.8207055679607093,0.0016643277313720852
161,-133.7797719999994,-1.0,1.5,0.025404443469315485,0.0016643277313720852,0.02120876434334139,0.019844558774593818,-0.03422456353635922,0.028193030645146642,0.02738952875604418,0.9275239342593422,0.00017864700128960586
162,5766.823140000007,-1.0,0.6226422861107264,0.00188431021722162,0.00017864700128960586,0.02306324796255553,0.01999975953145306,-0.02738625752889231,0.030991227218375213,0.03216188218574854,0.05858830668985502,-0.015452423420553333
163,-1420.9313595999952,1.0,1.499990544250304,-0.01530323407351174,-0.015452423420553333,0.012723401454272526,-0.008226982494225174,-0.04958290884807233,0.005936797780771788,0.03214740605908786,0.476033246520231,-0.002521879814711769
164,4001.931439000005,1.0,1.4999998663816476,-0.017965355559749444,-0.002521879814711769,0.006999782202818875,-0.0046420970236471385,-0.06099400788520561,0.011555071687422792,0.029932193843809737,0.6002017644779102,0.006658784539722142
165,441.1906918000104,-1.0,1.469005167462568,0.004236093802519316,0.006658784539722142,-0.00910220107066538,-0.012553297820728403,-0.046718603911345254,0.024155817727127393,0.035824854749475145,0.11824454927012308,-0.0008038473706522912
166,8865.8976016,-1.0,1.4978303285082064,0.0059053762472634575,-0.0008038473706522912,-0.011461376622345885,0.009137475858914258,-0.03467801864742469,0.009203247257770168,0.035321404246337236,0.16718973589154043,-0.014762021495844517
167,6742.221779599996,1.0,1.4999938804503976,-0.015575193964097803,-0.014762021495844517,-0.026484114124540475,-0.004091208874672577,-0.03399896468000409,-0.00998260154302856,0.03126250229028331,0.4982068875829791,0.011268579899607452
169,4494.83747480001,-1.0,1.4999999999999167,0.020895246714007446,0.009464826096894738,0.011971786051248373,0.020047505789305267,0.0010194890493453218,0.02456484064373021,0.032510011972917606,0.6427326674445456,-0.00754767917502481
170,1361.2587310000026,-1.0,0.5158398530457997,0.0017699601800063721,-0.00754767917502481,-0.0025233478039865206,-0.010954811668433461,-0.010782499035893806,0.03764338132286765,0.028594810941901284,0.06189795007221987,-0.00441732951727624
171,2596.2442140000035,1.0,1.497784596656542,-0.011892328108348076,-0.00441732951727624,-0.0062249469453305025,-0.017205093879250333,0.001555220023700981,0.041102372382244706,0.026733478306458915,0.44484776623604727,0.0043703404114677855
173,-7430.773819200001,-1.0,1.499999999947077,0.016861547221788297,0.012332716560953156,0.013820573898065562,0.014319930065588718,0.00742137718410523,0.05511926773743466,0.03685937584055814,0.45745612445327216,0.012395119315786397
174,-4224.348676999988,-1.0,1.4999999999999998,0.024825776368910184,0.012395119315786397,0.01690007142386034,0.029355900652676892,0.025396425378777742,0.04350708069044338,0.03282822728171921,0.756232621270254,0.006891944401423066
175,590.5278755999922,-1.0,1.4999999999990372,0.01936581628768475,0.006891944401423066,0.03199575633751903,0.02925160862575971,0.017425772482808015,0.030821821265619567,0.027942063260926162,0.6930703759004678,-0.001138162784190594
176,-9099.419526600006,-1.0,1.4971452993929912,0.00573371031672436,-0.001138162784190594,0.0352614327907676,0.02857937352049583,0.038940217309874126,0.029559698745441967,0.024996304680738456,0.229382318304938,0.015170697573553743
177,6369.824520600004,-1.0,1.4999999948752945,0.014003427190957077,0.015170697573553743,0.04614895207984023,0.059603549721211214,0.055586258396380685,0.04960942981738706,0.024569313248156793,0.5699559873537623,-0.010691052990676986
178,6531.892885000005,-1.0,1.4730141429308794,0.004323675043706225,-0.010691052990676986,0.02231648441391328,0.03650627486941542,0.05025801925896745,0.03167541716434113,0.025875146180243228,0.1670976083995048,-0.011058041166407663
179,-240.1483269999933,1.0,1.4999999995451119,-0.021517037602653763,-0.011058041166407663,-0.0010257517840913622,0.01566529597793629,0.03653368155056079,0.016953683983216502,0.03174629369916985,0.6777810917567496,-0.00029925237394345065
180,10141.531353999999,1.0,1.4951395044872637,-0.011400599706360263,-0.00029925237394345065,-0.00825499220349739,0.023169376564291366,0.012472250674660212,0.01876145031389452,0.024777886919602213,0.4601118627812064,0.017066681018640898
181,1790.7695322000043,-1.0,1.4999999999421236,0.016805626841029167,0.017066681018640898,0.0100197974331785,0.04566154657307936,0.027412676140278015,0.052954769395240124,0.030113223760253306,0.5580812926183962,-0.0030100711764813326
182,-5351.901041999996,-1.0,1.4999999949594036,0.014013770127220673,-0.0030100711764813326,-0.008063441980277926,0.03779329903628211,0.022378898808957926,0.05420858030751357,0.03104908173614363,0.4513424985096263,0.009005859752989382
183,-3111.088261000005,-1.0,1.4981787013117343,0.006014854633923893,0.009005859752989382,0.011526302015258753,0.034601427494515266,0.04790101073291258,0.08135805003029237,0.029315060825838853,0.2051796743543607,0.005198260895262077
184,2173.4936169999996,-1.0,1.4999999969274387,0.014323153141333074,0.005198260895262077,0.028320385739111168,0.027608817633338268,0.05584549608319304,0.09439327181174716,0.03229446374534072,0.44351729306542653,-0.0036402490096245936
187,-5848.537007999992,-1.0,1.4996354679341097,0.007020650591585745,0.0077212197774340725,0.01720826392219068,0.008893510746747236,0.06819252328174184,0.06336245240464697,0.02828866398161875,0.2481789382541213,0.009690516106167574
188,-3852.6956110000046,-1.0,1.4999999999809706,0.01750082727129911,0.009690516106167574,0.017896472850009778,0.02974349588946686,0.06686839749354531,0.06703450847666038,0.027963730528964212,0.6258402201799271,0.006132207150037653
189,-8586.219661999994,-1.0,1.4999999997943392,0.01601317723658661,0.006132207150037653,0.019380879503055257,0.04760534053205453,0.0642152534556951,0.07601831609669976,0.035083047697244164,0.4564363214614469,0.014292023130890294
190,1976.3904099999897,-1.0,1.49999999999986,0.020570723026710258,0.014292023130890294,0.037924485133112196,0.06260961603120876,0.08776842247049604,0.08410177668897023,0.03545082350666263,0.5802607948682545,-0.0033922522927891793
191,5225.0079278000085,-1.0,1.4999992368380548,0.010876303754207117,-0.0033922522927891793,0.03525752822137034,0.041186588004335105,0.08903250073364993,0.08594037632778702,0.02863858051349313,0.3797780322625531,-0.008933606860500114
192,5503.937559000004,1.0,1.4988571608781698,-0.012306295716617252,-0.008933606860500114,0.017917445077792356,0.03513899045768628,0.07427146178809999,0.06896908546907479,0.022970713207136922,0.5357385121500593,0.009636977979505398
194,4379.226505799993,-1.0,1.4999999999999993,0.02387061532899346,0.014012673417783126,0.025597720895122134,0.04507904289106884,0.07310500038310487,0.07107511613002199,0.0360321614006512,0.662480806065718,-0.00745825816086083
195,-9884.089962999995,-1.0,1.4989388663812755,0.006352677299380123,-0.00745825816086083,0.003593911265120213,0.041139816595532716,0.057323583650932264,0.06186122280468711,0.027104466751494263,0.23437750528812384,0.01657584450487346
196,-8861.500211400004,-1.0,1.499981668348522,0.008889478001477298,0.01657584450487346,0.023915500238896707,0.05901824340086986,0.07610682220615754,0.07917509611254439,0.02817703484977305,0.31548663828085155,0.01466039130595058
197,-5587.3051810000015,-1.0,1.5,0.03139755493250065,0.01466039130595058,0.048009696554672965,0.06615656237100331,0.07511003537109384,0.0723492746593801,0.03018323085926719,1.0402317458623096,0.008967249171160119
198,-4666.536231999993,-1.0,1.4999999999999991,0.023750178593716007,0.008967249171160119,0.04716928789131411,0.06564396005734613,0.09683439730113105,0.08039473231906741,0.032756539068601064,0.7250515246429637,0.007411648317818798
199,-186.65335380000425,-1.0,1.4999999999088942,0.01652205653033431,0.007411648317818798,0.04042356317595837,0.06692032228478689,0.11749983371691136,0.07832522253110226,0.03549889867069941,0.465424482139541,0.00027805097297687036
200,-3186.655838399999,-1.0,1.4998665610633222,0.007648814964251627,0.00027805097297687036,0.04839949137078669,0.05233948431555054,0.11792468128401794,0.08231666296966628,0.027544757106946767,0.277686782081756,0.005540229556077226
201,-4516.586564799995,-1.0,1.4973721348921414,0.0057855140884297725,0.005540229556077226,0.037157810214415506,0.06218317526870576,0.10547521772379803,0.09494723713612659,0.025280626205509627,0.22885169225629723,0.0075967653829946075
202,717.092489399991,-1.0,1.499999981053669,0.013186216420210867,0.0075967653829946075,0.029640477195467186,0.07908369010082912,0.11708434560050777,0.10987717194140886,0.029029753616580046,0.45423108285285946,-0.001255325989961395
203,5967.382347999994,-1.0,1.4989563844510019,0.006363085814954658,-0.001255325989961395,0.019498241888044332,0.06725369112731268,0.10516436461618378,0.10044900059244188,0.030725624403198044,0.20709378372445256,-0.00990876663260938
204,10964.258606799996,1.0,1.494124518065903,-0.01128181560252716,-0.00990876663260938,0.0018947614851133805,0.041867769170025985,0.08913611228197783,0.07817886077070178,0.023634408629142668,0.4773470654398348,0.01822941557158413
205,-840.2683731999955,-1.0,1.4999428124206402,0.008178401052374395,0.01822941557158413,0.020035482051859052,0.06881134979877267,0.11309867332641581,0.1080824122062831,0.029343997705132675,0.2787078002989306,0.00127077370428245
206,2132.4245616000003,-1.0,1.4999999999992322,0.019507200855629837,0.00127077370428245,0.015671028387382636,0.05288855034400995,0.11525890830948207,0.12362535897783423,0.02689122089954563,0.7254114987378443,-0.003834432020100948
208,-8411.79669160001,1.0,1.499999994141191,-0.019919756398423277,-0.016128728952587507,-0.010789646790079597,0.0077798318479292946,0.07425089218595968,0.139096341293489,0.029624133624610343,0.6724165050982243,-0.01416236090556212
209,-4811.053148199989,1.0,1.4999999999999996,-0.029975149153385106,-0.01416236090556212,-0.015071078338384019,-0.013649762302558011,0.05303905982962512,0.11987623166174168,0.033559971668930884,0.8931815988729057,-0.00800383258150544
210,-3944.0418666000064,1.0,1.4999999998168114,-0.022085497571240887,-0.00800383258150544,-0.04053014772187837,-0.021429548143338594,0.030647922981660535,0.1072056986689859,0.02948963843430598,0.7489239863160994,-0.006471127158515719
211,6457.500687600001,1.0,1.499957478318179,-0.014363606359178329,-0.006471127158515719,-0.048118658325819366,-0.03332225284371007,0.027524132745037507,0.11870149471477759,0.032393860302962284,0.44340520780306125,0.010858586801626208
212,3549.4620454000083,-1.0,1.4742467694429535,0.0043532070095863495,0.010858586801626208,-0.03404499694028306,-0.030191351835666506,0.04708952739474321,0.13098602205141602,0.032831164674518666,0.13259374294951573,-0.005889036335076499
213,-6507.530588800002,-1.0,1.4907821892573099,0.004999509068469191,-0.005889036335076499,-0.02375783188454819,-0.03458725514284058,0.03073324435133183,0.1118160772260764,0.033727528225142654,0.14823229959503045,0.010829591058643675
214,6597.776417399991,-1.0,1.4888262515728752,0.004878749597972969,0.010829591058643675,0.0011759922206154958,-0.01470599313203703,0.02665733751276251,0.12960958432018974,0.027224389922552408,0.17920510291881553,-0.011072402995375614
216,1459.8937278000049,1.0,1.4999999992842032,-0.021233697231684917,-0.010308660801695088,-0.006228019669790796,-0.05449947454106207,-0.004441822065516354,0.11214325651169761,0.02769473216595923,0.7667052746509011,0.00261148775273847
217,-4423.916685000005,1.0,0.512321082384589,-0.007766277017194062,0.00261148775273847,-0.014273427051259936,-0.048262659904650416,-0.016081762947004957,0.11747202713789534,0.024166031977773304,0.32137162709778305,-0.014198002036213584
218,-3660.878245799987,1.0,1.4960955506717977,-0.011537728908771002,-0.014198002036213584,-0.02227742227865094,-0.04577154253466485,-0.03836619187925826,0.10739794354196139,0.034366562979183,0.3357254234518534,-0.005862901736455197
219,-511.199106200009,1.0,1.499999995047091,-0.020024738449360757,-0.005862901736455197,-0.03811130262950653,-0.0376947180768392,-0.051383145441494506,0.09634274030517245,0.02905537687433754,0.6891921772677856,-0.0007045012595862773
221,2437.708933999993,-1.0,1.4985463541551884,0.006155868504372,0.0068628656721651145,-0.011102524752985574,-0.017631481922191154,-0.05088788783461601,0.07633803792581811,0.029624174324524157,0.2077988212240538,-0.004015431131279878
222,-15606.000352200002,-1.0,1.229916024846482,0.002819366423122836,-0.004015431131279878,-0.017503398724062043,-0.03162121619459925,-0.06181642389524159,0.0711430722519637,0.028069845492782273,0.10044110944065554,0.026124587120766343
223,-6454.572417799998,-1.0,1.4999999999999847,0.02195093715333421,0.026124587120766343,0.022296277365451776,-0.000506251354482487,-0.03636224334377899,0.11622170129734746,0.031001701380746906,0.7080558864735881,0.010544912332749113
224,471.6353462000036,-1.0,1.5,0.03692765915908146,0.010544912332749113,0.03881316201988661,-0.0008649686951967125,-0.016712215145844877,0.13135259026896026,0.035150169685604256,1.0505684464506346,-0.0008974316915750987
225,-5860.827047200003,-1.0,1.499993360467789,0.00952422320198581,-0.0008974316915750987,0.038441660282395866,0.009595259132661446,-0.03480082100854373,0.12281119356937098,0.027757325951322496,0.34312466621202137,0.009861772996976324
226,-2656.7052062000057,-1.0,1.4999813770013646,0.008879622836208504,0.009861772996976324,0.041988824787597245,0.02975927570702165,-0.026736948632186473,0.13533056482816017,0.026730427985337635,0.33219156988729165,0.004528632148814528
227,9720.783002600005,-1.0,1.4999999975118932,0.014455021569556435,0.004528632148814528,0.05099782230401446,0.03197314244839764,-0.018272737294907332,0.15695401525771563,0.027383550766903478,0.5278724330749385,-0.016276947489926846
228,7432.643957799998,1.0,1.4973675158047723,-0.011784415313184441,-0.016276947489926846,0.007538487053009753,0.029861204975561894,-0.01814354096221772,0.12417156118306452,0.024749346313697004,0.47615056833491415,0.012591116364206137
230,6121.343010199993,-1.0,1.4999999999999996,0.024019066339016366,0.011351386164983544,0.02219620976061269,0.061985704182960524,0.02925841178669169,0.14936635508194993,0.03270637973017091,0.734384745030625,-0.010248599785625279
232,-8519.508673800006,1.0,1.4999985564358367,-0.016477928464718544,-0.0062635334958359495,-0.009402750748967405,0.04156952456543214,0.008028166657629936,0.13185004148181068,0.02478523983062961,0.6648282839835632,-0.01440450200343431
233,-661.3583821999961,1.0,1.4999999980016565,-0.02059202378384283,-0.01440450200343431,-0.007527549830835167,0.00010566183559659718,-0.00103774689982156,0.10244064831447254,0.02421561629023638,0.8503613344809,-0.0013471373417623922
234,2207.364135600001,1.0,1.4999940877125033,-0.015596728820700113,-0.0013471373417623922,-0.020966962159197522,-0.01199564573631279,-0.013605145842204725,0.08779395949277956,0.03261779452919402,0.47816626003761586,0.003450549535370064
235,-5829.1095962,-1.0,0.9447145466389627,0.002283367606702636,0.003450549535370064,-0.028728410864939578,-0.007296943930710651,0.0010230366255571128,0.0839372821694926,0.03873720407309352,0.05894508035205981,0.010410815795186988
236,3794.988962999997,-1.0,1.4999999926546164,0.01377842783342567,0.010410815795186988,-0.008251761309089821,-0.007113808264672779,0.021744827081859975,0.09665474619670604,0.028941681141422055,0.47607558683609574,-0.006404435576194211
237,-2623.4453289999906,-1.0,1.4536020319312792,0.003980035483932258,-0.006404435576194211,-0.008454655299186613,-0.01807592118722004,0.012981622002934023,0.07299921624355521,0.030202229689144797,0.1317795250515147,0.004324297425293044
239,11700.263792400001,-1.0,1.4998528107185751,0.007587514390722916,0.0033294080706108165,0.014789752215351917,-0.006291825519294255,0.04156145976900493,0.10555249239724304,0.026668992042648016,0.28450698018842474,-0.019717495483980923
240,-10888.687693199996,1.0,1.4999983259742584,-0.016385355794377676,-0.019717495483980923,-0.008369365456939797,-0.036866783227831386,0.022095516893678824,0.08375343309378384,0.03076127354268677,0.5326618149160848,-0.017948042658890957
241,7630.654067399996,1.0,1.5,-0.03743462066480655,-0.017948042658890957,-0.03626686310048396,-0.044163362005470025,-0.002899204552128434,0.046921674273381585,0.02611811068591032,1.4332821050873727,0.013004569521776074
244,917.540979600013,1.0,1.4999999967455686,-0.020287211870115052,-0.0053802993984265225,-0.044977332292775125,-0.03072447421618115,-0.04180497514563791,0.02870070909732204,0.031146627986147146,0.6513453680808736,0.0013180615378151855
246,4124.046953200008,-1.0,1.4999585481386966,0.00837953245224759,0.0071017064429461495,0.0006583576160169144,-0.036087844546899006,-0.042329003437290895,0.04219089678011912,0.026620603317205383,0.31477620369451753,-0.0069250126809119504
248,-4314.498418000009,1.0,1.4999999998425229,-0.022180019420469033,-0.015313673102991119,-0.019176520290898384,-0.05534370654956771,-0.05210209588363935,0.0026752743274081558,0.02554985337923055,0.8681075030551505,-0.007362827968651764
249,4545.184987999995,1.0,1.4999999999126596,-0.02254843758748652,-0.007362827968651764,-0.021290427689182,-0.06518000772726448,-0.0706385196066602,-0.010590729217433736,0.029443455752096448,0.7658217084752701,0.007608185163491189
251,6658.708927800006,-1.0,1.0857769677336055,0.0025103075982290004,-0.00512282662864648,-0.02659684936935824,-0.02570993112953826,-0.06866795814382874,-0.01656915275244244,0.03155699547772327,0.07954837145383749,-0.010964135854584453
252,14959.873743800015,1.0,1.4999970366028135,-0.016028414872540527,-0.010964135854584453,-0.03069889812371809,-0.048478532075966085,-0.0731186959582304,-0.019856974186653352,0.027716569113739233,0.5782972202210687,0.025147703185446006
253,7468.4846210000005,-1.0,1.499999994242934,0.013930705384791756,0.025147703185446006,0.008691772329012313,-0.010141858826646243,-0.036442559361797515,-0.00521466055794581,0.02673765259933973,0.5210145256033346,-0.012246451581925038
254,5983.956385200005,-1.0,1.4999999473972627,0.012547992745531584,-0.012246451581925038,0.003896612303211747,-0.017704827531843007,-0.04757582562438132,-0.033375104813906556,0.027005588709081922,0.46464429569393983,-0.009944151691334663
255,-224.61860679999924,1.0,1.4999999998012739,-0.022034615195526016,-0.009944151691334663,-0.01353223761754075,-0.028613231776269156,-0.0600716749120525,-0.03565384723503118,0.03003062252278193,0.7337382093498077,-0.00023064302534190384
256,2724.7539589999947,1.0,1.469137596837888,-0.010238803437894115,-0.00023064302534190384,-0.008441982745743771,-0.035650232384016566,-0.07040804729210114,-0.05230455263846636,0.02570962523646377,0.39824786801530254,0.004630215910578086
257,-3888.5145030000135,-1.0,1.4786135942471348,0.0044704369833014354,0.004630215910578086,0.007259847141581559,-0.02439622860169472,-0.06011032858963566,-0.0616133934607688,0.02798980148872081,0.15971663768686997,0.006612134423482468
258,-292.9344619999844,-1.0,1.4999995827896184,0.011253728621891208,0.006612134423482468,-0.011179716685934668,-0.0032143954733831284,-0.0586191890352287,-0.06436820523385407,0.024730241916731295,0.45505938275021385,0.0004495332245160885
259,1589.7193679999853,-1.0,1.4996225675526917,0.006998911687696105,0.0004495332245160885,0.00145068057131527,0.00485997771048359,-0.06111898307490467,-0.0708181952758852,0.025786658208860964,0.27141600245397823,-0.002715809682382632
262,6089.370029399999,-1.0,1.498204754950353,0.00602386632771798,0.006761977276031378,0.010220574263712576,0.017752567839692767,-0.03394314025739257,-0.0802827960962439,0.02819207450636282,0.21367233285221424,-0.010320453493583065
264,-1974.4952890000072,-1.0,1.3462109814526313,0.0032031095649548294,0.01358990245460696,0.006694508360062318,0.008709915397973106,-0.010454867506550088,-0.06617879000418381,0.02864741835951328,0.11181145626307844,0.0030689736519090983
265,7936.312651400008,-1.0,1.4999999999229685,0.01662693496523384,0.0030689736519090983,0.012346981538265548,0.0213728122223475,-0.008126200130959979,-0.08023062269915908,0.02902360622859815,0.5728762592172518,-0.013291134871635297
266,5921.683106000013,1.0,1.470715299425349,-0.010271998604779169,-0.013291134871635297,-0.0006875320193275923,0.007394302024129598,-0.028428430325781195,-0.09424513939718258,0.02865916181957646,0.3584193658365328,0.009934614658646491
268,-8802.653019,-1.0,1.5,0.025685920392113502,0.015552509380218776,0.028437637506801616,0.02155951722332984,0.018590355747056097,-0.0505832722088158,0.033496591425820774,0.7668219152684762,0.01459861588783767
269,-4169.150446600007,-1.0,1.5,0.030519825785879248,0.01459861588783767,0.03006398619083539,0.03623668040488465,0.041415122401617765,-0.022437349135515414,0.03429009827118647,0.8900477783560238,0.007056370730262405
270,4970.09316340001,-1.0,1.4999999999999747,0.0216392835079789,0.007056370730262405,0.033890938656848474,0.0463957511613687,0.041153050686105426,-0.007242478763932578,0.025503810939104705,0.848472550225803,-0.008140927349533858
272,3767.48110700001,1.0,1.4947921861654339,-0.01135737534648892,-0.003296154903969299,0.026017784653421576,0.028572018771549745,0.046743785123163226,-0.024009743278256484,0.030731077391828877,0.36957296360552416,0.006376393640072765
273,-1313.381553799991,-1.0,1.3629323865180187,0.0032794902063885897,0.006376393640072765,0.017232951708633325,0.046369106876392466,0.028073696960666993,-0.011092579058520768,0.04095198503690643,0.08008134900989715,0.002033984473435286
274,7434.8439017999945,-1.0,1.499962655318522,0.008444747404534172,0.002033984473435286,0.004921825641742459,0.035183168526637894,0.04305606739921146,-0.019119464904446735,0.03465854147844266,0.24365559092516165,-0.012566274947009407
275,-3059.6336480000014,1.0,1.4790067755021976,-0.010482133451556052,-0.012566274947009407,-0.015003515462931497,0.01915414417171374,0.04078397320035773,-0.020037095573027495,0.029032584147889583,0.3610472081355532,-0.004992404881975013
276,101.601221599995,1.0,1.4999996898622703,-0.017439087472876973,-0.004992404881975013,-0.011793639990443607,0.02764105490454998,0.03610321106652931,-0.015156767608484287,0.027777528709574725,0.6278127782787905,0.000417703197162352
280,10570.000289799997,-1.0,1.4999993220041736,0.010950259478529012,0.012910996965131849,0.0012844660400559906,-0.012649849652019585,0.03493889513323994,0.010072698891264671,0.03186590918752063,0.34363555780223487,-0.017841186101203457
282,-3581.996098799987,1.0,1.4999999985994483,-0.020814181472666542,-0.0030647693492795855,-0.01560016963428749,-0.02332424325673539,0.005515842690666889,-0.014374218168432921,0.027249164470697525,0.7638465940872843,-0.005851381728845186
283,-715.0222461999994,1.0,1.2794785859372444,-0.008959816999571334,-0.005851381728845186,-0.016126036377828522,-0.03590458707600214,0.010058775029325192,-0.046093010826910225,0.024657166793832903,0.36337577121035286,-0.001072582247526882
285,4997.746985800019,1.0,1.4999999984815395,-0.0207636623293543,-0.01961943792146595,-0.046683296879497516,-0.04615652347172732,-0.026885393728679104,-0.0736174396318005,0.02738232309958261,0.7582870983532731,0.008377343304962004
286,613.849373599983,1.0,1.4957179222031893,-0.011479933345517293,0.008377343304962004,-0.021367034396899274,-0.033474792081136774,-0.00578367817494666,-0.07507804301197177,0.025429345721726695,0.4514443065559843,0.0010940677939733677
287,-231.43141400000414,-1.0,1.4999923652329785,0.009436928632662283,0.0010940677939733677,-0.01712815711572426,-0.03269342353559201,-0.014297599469478981,-0.07838666727206169,0.022734921933932874,0.415085156662766,0.00014092407965401302
289,7688.156495999991,-1.0,1.4999999999999978,0.023167824812542134,0.022960816456187746,0.012359627340295462,-0.002539620503650515,-0.022744377473700172,-0.056604786087491914,0.03753126542374942,0.617293996111353,-0.013116248048435745
290,6069.868483799997,-1.0,1.499994102133182,0.009598255125877126,-0.013116248048435745,0.019497348494465355,-0.027636307770999523,-0.0438485008900334,-0.07909130272803727,0.033989131669679006,0.2823918898298755,-0.01040572219171563
291,-6055.256442000011,1.0,1.4999999999731872,-0.023286521420763096,-0.01040572219171563,0.0007288305313378849,-0.02044237941629746,-0.04632587487923714,-0.07904505492692994,0.03297825391615865,0.7061174760787803,-0.01006912212438551
292,4691.4866219999985,1.0,1.4999999970408868,-0.020346666840375015,-0.01006912212438551,-0.010199008322869864,-0.027218583013822153,-0.05249845077107215,-0.08273671390852762,0.027336585642458038,0.7443016880928036,0.008038987602431356
294,5049.364215799999,-1.0,1.4999999999982434,0.018989952328592696,0.01080611910390408,-0.014902678621789622,-0.002459918230297954,-0.04295827674642627,-0.050490833586830944,0.030174209957862606,0.6293438123189176,-0.008469546003816268
295,-756.9830498000007,-1.0,0.9338754335730468,0.002267791955764505,-0.008469546003816268,-0.010423736518251469,0.008833814357468417,-0.03865653486851899,-0.06037425067064119,0.03169202069296318,0.07155719030147044,0.0012887964572218535
297,-1169.4582165999916,-1.0,1.4999999999833897,0.017585803650335012,0.016300858736533568,0.027954437394164523,0.017300555729425654,-0.01608977799710119,-0.04897976127333192,0.02634234877437844,0.6675867744731869,0.0019503219772820156
298,-5836.673115400001,-1.0,1.4999999999932319,0.018146923778756846,0.0019503219772820156,0.021560028087927154,0.018876116064483785,-0.008615968576558695,-0.052322900643274425,0.021459388181369166,0.845640314876816,0.009591421941215391
299,2609.028603999991,-1.0,1.499999703855427,0.011467942932878826,0.009591421941215391,0.020240754170584258,0.0052239398532553695,0.004349267658338608,-0.0462964061054514,0.029112768181195948,0.3939145484724471,-0.004417206811374033
300,-699.5260369999933,-1.0,1.4918815535246943,0.005079159083121942,-0.004417206811374033,0.024581337254139662,0.014012876169118473,-0.012801136070967592,-0.0296510463942589,0.03468695916769031,0.1464284908506192,0.0011934628204419966
303,3518.1498126000033,1.0,0.5799154333532328,-0.00783791313456721,-0.0004738502215111363,-0.0010057562034132615,0.02023442558226005,0.008665490273209557,-0.01732235739271434,0.037485127921051714,0.20909394123116823,0.010247538923124756
304,8682.352803600008,-1.0,1.4999959371019715,0.009831189465998124,0.010247538923124756,-0.0006327930972134831,0.01983558934475154,0.01906335477257406,-0.0021715152676589646,0.035730073489971745,0.2751516721273304,-0.014687570186599547
306,2008.5773750000071,1.0,1.499999261628558,-0.016896943291537854,-0.002226100822767438,-0.014537620981442297,0.010186893623861186,0.014281527225299432,-0.02577496832719383,0.026619641179520433,0.6347547353319457,0.003372534429559537
309,8041.673714600007,1.0,1.4830308989924395,-0.010616150704499807,-0.0047250213743227154,-0.024137970702712983,-0.024822095898135586,-0.018890154486408177,-0.003612581222427802,0.026990436343349,0.393330088089363,0.01346697321439347
310,6723.0599652,-1.0,1.499975951671038,0.008719828848842337,0.01346697321439347,0.003911102941356659,-0.007489369545808741,0.006997159957320462,0.0023342337049176987,0.03076987971204121,0.28338846074299073,-0.011208098262073357
311,-640.2526710000039,-1.0,0.8608380757838856,0.0021678902617500357,-0.011208098262073357,-0.005047710728131014,-0.019576407387765886,0.005670497806254622,-0.003953493587316252,0.029948741875996807,0.07238668892089746,0.0011565338572622035
312,8776.790887199993,1.0,1.4579763905933874,-0.01004303880992123,0.0011565338572622035,-0.00734621174668848,-0.01094708426707935,0.016478109937918105,0.007893910953402042,0.02321799453588926,0.43255410343030204,0.01482800564469128
313,-7673.483089000006,-1.0,1.4999999997900453,0.01600026274159073,0.01482800564469128,0.013378092911495951,0.0037437270258196486,0.02350593150326855,-0.0023894720798634584,0.02517944962600408,0.6354492643503398,0.012438382005107527
314,11217.95361900001,-1.0,1.5,0.027506499264945552,0.012438382005107527,0.030974073104873115,0.006288891623401516,0.026134295173828637,0.022161048872499756,0.034034525601280126,0.808193996507798,-0.018563263308277584
316,-3051.0940557999866,1.0,1.4999999741672931,-0.01899244697843027,-0.00039855748088086,0.00909679345625984,0.004368866168474236,0.013491009836801685,0.012850444152009852,0.025969184697922986,0.7313455235253992,-0.005227453472923919
318,-4629.717145999995,1.0,1.4999996830396811,-0.017425487408269175,-0.012135728921845517,-0.024063224273764724,-0.01102378909182948,-0.021490001533587332,-0.016409826601142243,0.020603950391964335,0.8457352632272508,-0.007640297806807016
319,-752.2970809999965,1.0,1.499999991081959,-0.019657175166913295,-0.007640297806807016,-0.043382916347354715,-0.013663018012655953,-0.03851488056235979,-0.024481073015431353,0.029161537368831657,0.6740788360466624,-0.0013426137941298993
320,10709.340812999995,1.0,1.2742199455927463,-0.008943644422951098,-0.0013426137941298993,-0.026821788795149862,-0.02817325532475705,-0.03540340478464894,-0.02259299632777412,0.033746889471252026,0.26502129716488165,0.018075415206412433
321,-7775.076480199998,-1.0,1.499999999938147,0.01676409652980576,0.018075415206412433,-0.008356500372001223,0.0008512706437034226,-0.018174067735266166,-0.0038152745712784846,0.03352054166431335,0.5001141299471649,0.012720347357542778
322,6630.450373599995,-1.0,1.5,0.03105101691261428,0.012720347357542778,0.0096750638816406,0.01228605000554154,0.001810361909585901,0.00237344881692099,0.03093444473248734,1.003768361809466,-0.011234380948190688
324,6124.531542599997,-1.0,1.257862141170294,0.0028954165379931024,0.014523063008744933,0.032612423321376,-0.012174063723690051,-0.005229902645510014,0.0009600875556107594,0.025664015332866132,0.11282009071609081,-0.010393804952567457
325,800.1467672000084,-1.0,1.453777636955548,0.0039824501744516,-0.010393804952567457,0.022940501679574694,-0.004479860549354318,-0.0015102447875291077,-0.012994504704664301,0.030226183722127622,0.13175497810317932,-0.0013363607865302933
326,-2463.3810143999845,1.0,1.4973218656328109,-0.011773658601526401,-0.0013363607865302933,0.003499094388097786,-0.005216710517989405,-0.0007280186581455873,-0.0007922527244163894,0.0252104839383586,0.4670143829969238,-0.0038557912910456033
328,-2143.2804116000025,1.0,1.4998830562901446,-0.0137312886278638,-0.009928705364694795,-0.011525989275008211,-0.0019925837739273623,-0.012125145954618916,-0.03919165067934723,0.030943935982680817,0.44374731887854024,-0.003771123493529946
329,-285.6309156000051,1.0,1.499870522774369,-0.013667652809866327,-0.003771123493529946,-0.029328678633313704,0.0018749218837350874,-0.010760296146958993,-0.056221028804570826,0.03370199323184833,0.40554434617090884,-0.0004082930573637866
331,7040.178962200007,-1.0,1.4999999999998355,0.020470096182367645,0.021017357869443885,0.002488691251443571,0.005822479021376778,0.006837440979626557,-0.03473102860384525,0.023580358273627755,0.8680994556923834,-0.011817922100240174
332,-3029.259328000011,-1.0,1.4999830315670553,0.00893777485633685,-0.011817922100240174,-0.00547184898436854,-0.018859406348808585,-0.006561377582211042,-0.042733488552255915,0.02906503023303671,0.3075095668119328,0.004953785172079143
334,-2122.4217122000096,-1.0,1.499999989818151,0.013574343723965217,0.008538566116706971,0.02206938317966239,-0.008249816343350353,-0.020391645734765925,-0.03493465769982548,0.02917611613127596,0.4652553363473183,0.0037194057849183767
335,1042.057657,-1.0,1.4999999174299061,0.012266193112438628,0.0037194057849183767,0.0262175178172953,0.006047239926082634,0.0018969506244481333,-0.018129775086651763,0.030490831894303613,0.4022911921511146,-0.0021204004026939027
340,7473.918464000001,-1.0,1.4999999999540474,0.016949813995488994,0.017652155815839312,0.009851438222664525,0.03665196695999325,0.03975116935606687,-0.0015378863280631411,0.035903388413966605,0.4720951070148975,-0.012543513636687351
341,18525.718179800006,-1.0,1.4890428171320362,0.004891036433673826,-0.012543513636687351,-0.0008326845406806655,0.0024141698850376355,0.008028446867808398,0.0010915405537977503,0.032211399943735626,0.15184178403351326,-0.03092947305315649
342,-9134.941456399996,1.0,1.5,-0.04291492547200106,-0.03092947305315649,-0.029202063320866087,-0.016772215196051377,-0.03569520688489886,-0.028589644831347488,0.033518786739446575,1.2803245477109302,-0.015048726524716793
343,9805.771123000011,1.0,1.5,-0.045500866710086504,-0.015048726524716793,-0.04114586362824592,-0.03634940589078361,-0.03884123881280536,-0.03736724759887522,0.026889476167253686,1.692144035349338,0.016134396746386566
345,-740.3026439999944,-1.0,1.499999999999316,0.019579587669675897,0.0033342322657219587,-0.03874167980809516,-0.02950489092509138,-0.02326103920338295,0.003325702295689756,0.034080650243900695,0.5745074559773106,0.00138046157659062
346,-2646.911072000007,-1.0,1.4853019707758175,0.004706522518842531,0.00138046157659062,-0.02562668043805508,-0.02635684026503802,-0.02140011984770502,-0.005455819970577706,0.029306620718475937,0.1605958791378281,0.004461225757775916
347,1436.515755200003,-1.0,1.497854252306386,0.005912312047797543,0.004461225757775916,0.009971590819095615,-0.01978498504874339,-0.01319810772742655,-0.0021528229348771223,0.02839606382408338,0.20820885896104974,-0.0022471821471538424
348,4624.94425779999,-1.0,0.80476654169414,0.0020962117638934573,-0.0022471821471538424,0.023035179225815418,-0.01934751838901887,-0.00559985756813685,-0.007297760536657083,0.022018236245423234,0.09520343684790743,-0.00971997456542323
349,3568.1569179999956,1.0,1.498047463053385,-0.011971334478532413,-0.00971997456542323,-0.0030856556673557033,-0.028340386262791995,-0.011369159686548357,-0.03951844273982665,0.024987563710663487,0.4790917040633147,0.005943097840429326
351,-5451.064859999998,1.0,1.49033646369758,-0.01096988340513957,-0.016816776669056323,-0.018574036543280586,-0.04357372070117907,-0.04167238989786506,-0.028732312559662868,0.026557174921457986,0.4130666547771989,-0.008970359378098588
352,11454.423485199999,1.0,1.4999999999993863,-0.025647241589637854,-0.008970359378098588,-0.03143453066901047,-0.021493683577192647,-0.038512514601642935,-0.026476469668129207,0.02420326301654422,1.0596604917323171,0.01893005954167613
353,5450.246761400004,-1.0,1.499995930470283,0.009830170136183857,0.01893005954167613,-0.010799050020219378,0.012397078443627155,-0.024585348018201274,-0.014215295854018126,0.031231449366532788,0.314752287696188,-0.008975271876370459
354,-9117.521990999994,-1.0,1.4999950638413846,0.009709507434303957,-0.008975271876370459,-0.010204714131073428,-0.012818539911609778,-0.04141121209663958,-0.03270401653759789,0.02704782756178556,0.35897550042140924,0.015060996258274948
355,-3098.953242400006,-1.0,1.4973858578735044,0.005788789888708017,0.015060996258274948,-0.0015955299866138894,-0.0019172456115338964,-0.031235326106659387,-0.009241870030566287,0.023286022939496144,0.24859504363407076,0.005084130413618416
356,-7930.329093800002,-1.0,1.4999999999997733,0.020269799363082156,0.005084130413618416,0.02051357342238628,0.0016899123657362109,-0.023975742638319232,-0.007435081914662415,0.03140068989718714,0.6455208286649115,0.01327156546237774
357,-12545.6046278,-1.0,1.4999999999945806,0.01828582242000987,0.01327156546237774,0.04350058528264252,0.010637143087351175,-0.008709266366639158,-0.010622748583209073,0.023904935268333018,0.7649392150512613,0.02063230782714914
358,-3357.8742172000098,-1.0,1.5,0.03435270452661553,0.02063230782714914,0.04541615464566793,0.03404203205760271,0.015214997297855052,0.009080841010660218,0.0366006299853783,0.9385823287833897,0.005637220918531911
359,-8129.176473599982,-1.0,1.5,0.026393144288617984,0.005637220918531911,0.06076202786242084,0.04998283893398393,0.021787810608886394,0.0028081727394295188,0.03331758296990302,0.7921686369764538,0.013418002896046494
360,-1222.2025780000029,-1.0,1.4999999999986562,0.0191574108008867,0.013418002896046494,0.05964563863502234,0.058185697907331836,0.01792354665613074,0.021570258093873126,0.03247740194202931,0.5898689444150061,0.0016462080106923955
361,6326.839682999991,-1.0,1.4999999991125241,0.015099331680237558,0.0016462080106923955,0.055912730240076966,0.07784187206772328,0.03231519794567669,0.023321247501656952,0.029413947397414503,0.5133391814512048,-0.01062510381052276
362,7866.9588517999955,1.0,1.309946876700966,-0.009061047610475517,-0.01062510381052276,0.03098395158114016,0.07626700236973712,0.05404656237718971,0.01974653540508344,0.026903731327155102,0.3367952013901436,0.013536541403441677
363,5872.634907000002,-1.0,1.2685459316813275,0.002926570563530846,0.013536541403441677,0.023948553892486703,0.07106612157636481,0.08423994352686022,0.033171023471684456,0.03682731918985749,0.07946737986665195,-0.010076642801418983
364,7642.084260199991,-1.0,1.3395160967659034,0.003174691090342723,-0.010076642801418983,0.007456258277690464,0.06888924150757968,0.055446618344110875,0.012608211803935267,0.02546298249316214,0.12467868173711616,-0.012558473207903842
365,-3385.1023272000025,1.0,1.499999999924015,-0.022635485818412005,-0.012558473207903842,-0.0185266247039786,0.04017934948020413,0.038120329326107816,0.01404617884635227,0.02635847830921641,0.8587554088999653,-0.005520322214554809
366,-1419.411778400009,1.0,1.4999998880002856,-0.018075662626460758,-0.005520322214554809,-0.025239885221946163,0.02908196620979232,0.03077937656710559,0.010962682491420713,0.027152902098244808,0.6656991050554846,-0.0022358823145172953
367,-1631.3243113999952,1.0,0.43219898676637836,-0.007683506006338792,-0.0022358823145172953,-0.017141705787939505,0.012907727082465518,0.023818773443732493,0.005345756874839409,0.02743525595657635,0.28005957073992677,-0.006080695427054792
368,4928.293325599995,1.0,1.0570108883887843,-0.008459664994991224,-0.006080695427054792,-0.036377341761997875,-0.013344370696827465,0.019909192703279645,0.004390553294604125,0.018117353834122333,0.46693711854643144,0.007999396438132729
369,1804.3881581999958,-1.0,0.6226219074366275,0.0018842878509216553,0.007999396438132729,-0.018710725742267658,-0.01121011732596146,0.038388436333721396,0.017772528522588878,0.0271533312278407,0.06939435294737126,-0.004954945699930295
370,2261.6987852000075,-1.0,1.3083118925807604,0.00305525133953922,-0.004954945699930295,-0.010971313947721651,-0.029186691731758904,0.027144323131871727,-0.0019403076089131678,0.030126880865234473,0.10141279985824518,-0.003921846510276131
371,-5403.5159520000025,1.0,1.2448242356309351,-0.008859018703673678,-0.003921846510276131,-0.009431169847238524,-0.034174253638458545,0.040846303032674565,0.006271756690937226,0.026706024212536542,0.331723607871029,-0.009354235203925029
372,562.7046948000091,1.0,1.499743634257687,-0.013240683520304736,-0.009354235203925029,-0.01615124812288104,-0.03301633938659516,0.04058105064815501,-0.0037922234870672927,0.025691161368040255,0.5153789402753943,0.0008411370709372697
373,5323.385726999996,1.0,1.1229645503199754,-0.008580143468523075,0.0008411370709372697,-0.00937472239299211,-0.045453158123344314,0.021584470580203362,-0.01709298308596721,0.027551341240994592,0.3114238030545091,0.009404959775306542
374,-3249.7350059999944,-1.0,1.4999982148459885,0.010345184927095635,0.009404959775306542,-0.008093425090235216,-0.02687462679312439,0.03954356177189203,-0.021126644446542796,0.033780729841902925,0.3062451573874247,0.005547081975010613
375,2313.665284800006,-1.0,1.499999998950091,0.014994283141658111,0.005547081975010613,0.002129636630898967,-0.00893800920490062,0.030767054223620596,0.0016717580338287462,0.028507812777791186,0.5259710121759781,-0.0036343492969074503
376,3612.5117427999994,-1.0,0.5163104132441506,0.0017704530729054668,-0.0036343492969074503,0.002443440553040272,-0.007287681279286136,0.02164223319714113,-0.0013993734381403259,0.025251990971540916,0.07011142507142402,-0.011714217056645056
377,-2888.171691400002,1.0,1.4999910016594582,-0.015334223446499025,-0.011714217056645056,0.0003610551297135298,-0.01662243251103912,-0.004025516361919218,-0.008322222813138548,0.028122289985706463,0.5452693736638393,-0.00460200342997135
378,2153.5842308000065,1.0,1.49999825292709,-0.016358661766527213,-0.00460200342997135,-0.005212346039216095,-0.01501627017897722,-0.02848760303569617,-0.0018015111215485737,0.027290007403063535,0.5994377914566199,0.004073226650409203
380,-582.0466387999884,-1.0,1.4999985106005165,0.010458392304039176,0.006388321472754455,-0.00967658157043278,-0.00750045266222457,-0.03664395427862883,0.01717101329105464,0.028958013256224626,0.3611571074127852,0.0007979646048967575
381,865.395051399997,-1.0,1.499754832547369,0.007268601100526968,0.0007979646048967575,-0.005350479812764397,-0.0028772441463095384,-0.037043708090183376,6.562907916940693e-05,0.028430253946763226,0.25566430444616184,-0.001843094539998407
383,-8087.3781172,1.0,1.499999944469922,-0.01851414482976548,-0.01663046157586531,-0.007691149833970957,-0.012953735265873735,-0.058356109857761816,-0.020228488243421525,0.030681296174413134,0.603434246210415,-0.013555594097162732
384,718.2324309999995,1.0,1.4999999999999993,-0.029937709996782868,-0.013555594097162732,-0.024852899534570847,-0.03561672855272697,-0.06175891469754303,-0.04798641965190002,0.028180975519826547,1.0623376034559338,0.0015486295289889927
385,-3883.460175999997,1.0,1.4982859189093551,-0.012052801883405571,0.0015486295289889927,-0.02964242223653148,-0.03937927426293536,-0.04844426737273832,-0.037078787156721506,0.024082769859466988,0.5004740714518595,-0.006264362620091652
388,2449.5308675999945,-1.0,1.499962225556263,0.008437595873495197,0.004828005548767334,-0.009669035985454212,-0.017706189465734896,-0.03310231374976876,-0.019934685873265905,0.0323343385892549,0.26094846041783937,-0.004155659491954463
390,6527.982277999996,1.0,1.4999983175103828,-0.01638220375336358,-0.012213161778150001,-0.01445427529620672,-0.04373840970996631,-0.05143067059808572,-0.03197507436424347,0.03178547256199342,0.5153990937656261,0.011053830514761701
394,-3540.209795400008,1.0,1.4999996856672906,-0.017430690271034464,-0.02193032440626346,-0.028627832331598196,-0.029798056776168102,-0.06386912663552384,-0.0700223577480108,0.028232287560640952,0.6174026895126573,-0.0057527713926107385
395,-1147.2779911999974,1.0,1.4999999999999707,-0.027546322378751372,-0.0057527713926107385,-0.021985200941514224,-0.036590155848857296,-0.07456417198440025,-0.0788050257997737,0.025416053863311583,1.0838158640557045,-0.001879280238826825
396,-5091.930247000004,1.0,0.3661931240526234,-0.007616529526874046,-0.001879280238826825,-0.03437397896776019,-0.03237834517145695,-0.07296866026305551,-0.07834337194230251,0.025573233972919423,0.2978320823615625,-0.02340104916968315
397,3674.8599154000094,1.0,1.4999999999988567,-0.025258341177332,-0.02340104916968315,-0.047793714451548334,-0.058542366730046286,-0.08402456285163862,-0.09742914349430075,0.023838800764957112,1.0595474758303112,0.0062007432617020505
398,-1264.4649491999999,1.0,1.4999995969884428,-0.017275369479869844,0.0062007432617020505,-0.04631916125756302,-0.05684741832929546,-0.07389956160626365,-0.08951548886150103,0.027719923446527708,0.6232112982993759,-0.002154940951987447
399,-3795.6770795999882,-1.0,1.4559515515774202,0.004013112146156961,-0.002154940951987447,-0.027035896115919632,-0.055002594986253026,-0.08013080833292985,-0.0916685792283768,0.02632324188715231,0.1524550875367542,0.0061083780404143995
400,-5037.997020800008,-1.0,1.4550888890388778,0.00400077063914209,0.0061083780404143995,-0.015236730425941376,-0.036877859587025955,-0.0801739486534207,-0.10197271337333913,0.030091724120087333,0.1329525228656283,0.008366497615274424
401,2082.524432800002,-1.0,1.499999997822241,0.014538287619548434,0.008366497615274424,-0.005003164648352483,-0.03938518042009198,-0.07325029414204351,-0.08262742842464187,0.029993190716281388,0.4847196070959041,-0.003334534023618148
402,1129.385189600006,-1.0,1.4920708564820804,0.005093952680360074,-0.003334534023618148,0.015428418903692268,-0.03302223134284304,-0.0744524194413838,-0.056821067206294984,0.032973551141762286,0.15448601997582193,-0.001892504809253125
404,8464.412047400001,-1.0,1.4999999999998244,0.020429126217301648,0.022528547739237726,0.03216192256727504,0.004735960018115526,-0.026240013227547515,-0.03854941112564974,0.025905937712298023,0.7885885639107195,-0.013814501986821675
405,-64.70836799999378,-1.0,1.4999559517877414,0.008341561814504756,-0.013814501986821675,0.011434229324152473,-0.0037786399752271615,-0.04102103665503216,-0.055059871205320944,0.02865352574505429,0.29111816426097376,0.0001837153539840538
406,5124.956058400006,1.0,1.4998709419409775,-0.013669679557643487,0.0001837153539840538,0.0028639208703685488,-0.0019217002197942199,-0.03474244112492625,-0.05660387380907776,0.027841243912711283,0.49098666713675165,0.009038589116432518
407,11263.449364,-1.0,1.4999908787094451,0.009325741461901455,0.009038589116432518,0.01537598356939695,0.03082066985664924,-0.02931877020372624,-0.05156943628811363,0.034220606289163576,0.2725183003217152,-0.018889353242124124
408,3559.061354999995,1.0,1.4509529192539632,-0.009944657191371048,-0.018889353242124124,-0.0018308956158592821,0.0046444399217441,-0.052251600143830366,-0.06791259804808994,0.03134147577338931,0.31730022106408357,0.006321248324528932
409,-4906.828488999993,1.0,1.4992750893637892,-0.012590914310423442,0.006321248324528932,-0.017122025288690126,0.013072295333913093,-0.04205321760251627,-0.05337831935584036,0.03215167528140727,0.3916098990245942,-0.008141114928820465
411,9909.758614000008,-1.0,1.2108542724195763,0.002771377162326162,0.011033445744518759,-0.0006148578546287308,0.0016623761162976145,-0.0376215042944759,-0.03790719987585681,0.022939695238152546,0.12081142027191794,-0.016571458953583293
414,-6122.831756000009,-1.0,1.4999980352563147,0.01028527419201778,0.0003933654498944557,-0.003545041397450083,-0.020319802628674905,-0.017186567781139785,-0.04315426921643086,0.02338794857475185,0.4397681207115836,0.009830797490304468
415,3620.253859199998,-1.0,1.4999978326377512,0.01022393096768695,0.009830797490304468,0.014120913741654266,0.0028314570541170237,-0.002391237457488138,-0.048604419926906194,0.027700409452433423,0.369089525021039,-0.006048412663358313
416,-1896.1902074000066,-1.0,1.4256678811536923,0.0036783243975578384,-0.006048412663358313,-0.002922572160257057,-0.003428063280799798,-0.0061387904368285645,-0.059240466406952776,0.026341994613221432,0.1396372769627564,0.0029455638602572517
418,-2973.1127909999964,1.0,1.4999999999999825,-0.027864504140543797,-0.030794396084192013,-0.02412705101436326,-0.021906420194374762,-0.017526662737212345,-0.11465473927794498,0.029030963066777465,0.9598201780784688,-0.004755674568090301
419,5784.4039667999905,1.0,1.5,-0.0353724171037208,-0.004755674568090301,-0.02918566189674669,-0.03310716974141656,-0.0204582988641065,-0.12489593836688205,0.025665789638094617,1.3781932137096244,0.009659886304620472
420,4160.532290199989,-1.0,1.4884365968822155,0.0048572279451585525,0.009659886304620472,-0.029293911317863644,-0.015914650178700335,-0.016734846581431238,-0.12712459651468894,0.028198946098584064,0.1722485630554273,-0.007064130252793266
421,4119.035388600007,-1.0,1.177896954531934,0.0026945271744208644,-0.007064130252793266,-0.030264770293040293,-0.033505667353363335,-0.03190923512945784,-0.13415481018597183,0.036623054203893925,0.07357461667231376,-0.007012906712311662
422,6076.747198000003,1.0,1.4999317858888543,-0.01406820159505042,-0.007012906712311662,-0.03978498510099462,-0.024171513292624982,-0.035405078899822175,-0.1321445968933964,0.026494781107397423,0.5309801027615411,0.010330295574640899
423,-3752.011994999996,-1.0,1.3556349486872397,0.0032451377607135806,0.010330295574640899,0.0009378967827923659,-0.023542290962995236,-0.0230850231771615,-0.1350350823320483,0.026660654965360433,0.1217201064613721,0.00652423654210978
424,1147.6008679999907,-1.0,1.4999999999451348,0.016839020492272608,0.00652423654210978,0.012183186904012216,-0.01770197683275234,-0.037903535294222176,-0.12037243547639158,0.028614953380215913,0.5884692618061343,-0.001961103526815057
425,-3218.7138973999863,-1.0,1.4840407782850396,0.004654753145744766,-0.001961103526815057,0.0005097748286550268,-0.029067276068520026,-0.026421805126684957,-0.111419126473548,0.03396909732157849,0.1370290503064939,0.005225509337520816
426,-1501.4171958000045,-1.0,1.3588230992849295,0.0032599402299271648,0.005225509337520816,0.01298560045403252,-0.01796996998684338,-0.02166724824069302,-0.10152952375790841,0.02806769691548661,0.11614562604630602,0.0027118608970013313
427,7559.8310632,-1.0,1.4999145788418233,0.007927608310536353,0.0027118608970013313,0.022933698640589164,-0.01801941320343357,-0.027876883716549193,-0.09691238038932587,0.026283850685105914,0.301615178290015,-0.012735147703723183
428,-11769.593251999999,1.0,1.4524434733065905,-0.009964325689633093,-0.012735147703723183,-0.00024059301677354142,0.0004344144305472129,-0.021579287720831498,-0.10301756675611431,0.031036669808828965,0.3210500917465879,-0.019750992705664442
429,-3487.4636540000038,1.0,1.5,-0.03228447256579893,-0.019750992705664442,-0.026602770204874105,-0.014633860660978435,-0.0473095370134811,-0.12786441614491223,0.025576222084988307,1.262284650896426,-0.006114280687647544
430,130.39768260001034,1.0,1.4999999999994846,-0.025756277322758855,-0.006114280687647544,-0.030540191116164028,-0.030356256080193218,-0.04566200203676912,-0.12889068746782467,0.029553868150947977,0.8715027485135711,5.285098820366022e-05
432,1574.4442482000086,1.0,1.4617988114401017,-0.0101036130978831,-0.010131229005101121,-0.04768184961178039,-0.026347093192853825,-0.04957955900561564,-0.12554394182215334,0.033937611081620245,0.29771138202933095,0.0026438373753470677
433,286.3831355999963,1.0,0.2567242929291539,-0.007506724357793513,0.0026438373753470677,-0.0328796778312585,-0.03364298317854747,-0.05600731866441423,-0.12369087563319472,0.029857168526526295,0.25142117381707646,0.0015308490527389709
434,1863.0909046000017,-1.0,1.4696699365944328,0.004249812737226431,0.0015308490527389709,-0.011391243599984675,-0.03799520723242719,-0.054614414732672256,-0.13025829582439954,0.031374788558878056,0.13545311163615384,-0.003200531142658657
437,345.1226411999912,-1.0,1.4993904394087303,0.00669926192528516,0.006077031402834062,0.0074309583978913445,-0.04021276609192178,-0.05814977930653911,-0.11935201529455004,0.023633974863434826,0.28345895956967804,-0.0006588317059884281
438,4584.023327599999,-1.0,1.4954333420453043,0.005439647525535933,-0.0006588317059884281,0.004203650716834042,-0.02869659435682945,-0.0288311896783174,-0.11645024295395452,0.025037438122089656,0.2172605479446686,-0.00774513265554971
439,9375.057306999992,1.0,1.0244783472343504,-0.008405409326415912,-0.00774513265554971,-0.004742662308250696,-0.016755538723017032,-0.032014311182179574,-0.12756782045452014,0.02612893526804064,0.3216896991855963,0.015678956317416292
440,-2975.121140200012,-1.0,1.4999041111224898,0.007855358086543753,0.015678956317416292,0.014171422208991803,0.004922583111869219,-0.02602204611809081,-0.11992768844202722,0.028667670052670336,0.27401452828609074,0.0048180525859006645
441,-327.5033005999959,-1.0,1.4999999999998672,0.020603710367431933,0.0048180525859006645,0.018471837896208185,0.009664563764231835,-0.014532014183235638,-0.1164217187202887,0.028356045834690344,0.7266073163919659,0.0005729538537017555
442,6005.492386999997,-1.0,1.4947901591557944,0.005357131620587696,0.0005729538537017555,0.01258294709761212,0.020134185142267544,-0.006859756270484525,-0.1148031538095837,0.02820831975405587,0.18991317693842552,-0.010031834702322481
443,1874.8788161999944,1.0,1.384911274445005,-0.009394508652303178,-0.010031834702322481,0.0031277343924815196,0.007575808312704102,-0.026397184680448767,-0.10874638783845696,0.030314976832137217,0.3098966132919476,0.0033783711003764444
445,7642.760277999997,-1.0,1.4999999939489246,0.013899575347135176,0.0104938389986765,0.009055978473914133,0.0227791804479377,-0.018396710073836024,-0.08569786974005698,0.027307552387362183,0.5090011418807289,-0.013177563840417716
447,1061.1629729999918,1.0,1.3215467107824237,-0.009103538778929793,0.004215980005584114,-0.005529315172642307,0.006655534112545689,-0.03458592624118485,-0.09044651396833775,0.019460532409757664,0.46779494965745166,0.0019619089313393043
448,1508.9916664000061,-1.0,1.4986578504640522,0.00620577284178642,0.0019619089313393043,0.006748889519227912,0.009390368965422504,-0.020544268112627755,-0.09273924417508103,0.02577980278023356,0.24072227761744722,-0.0024227909997325573
450,4323.7920470000045,-1.0,1.4998832564836015,0.00773235951899727,0.010132484553909565,0.0004891721027507617,0.009621996113429801,0.013311732169318543,-0.06996790382325054,0.030476131879050954,0.25371853454645377,-0.007287862015998218
451,3059.028698799991,-1.0,1.174810125501354,0.0026876796250819277,-0.007287862015998218,0.006471801243511555,-0.002766016783661202,0.0055252625129667025,-0.08690610637460754,0.02563256993208041,0.10485408338701792,-0.005225820450013401
452,6765.744137199987,1.0,1.499196882551477,-0.012526861891141267,-0.005225820450013401,-0.003175757105619326,-0.00849960628151089,0.01026907599220015,-0.08371444441157444,0.025451307922548592,0.49218931809956573,0.010868064557618882
453,3270.5837751999934,-1.0,1.4965114764523963,0.0056082318953168606,0.010868064557618882,0.005857226647279276,0.01244138509801288,0.018680284196293036,-0.07765296734143287,0.03241479828387574,0.17301455484011427,-0.005331184978047201
454,-918.1964298000029,-1.0,1.4936093772759107,0.0052291592327706575,-0.005331184978047201,0.0026532997715501593,0.0034347434205744755,0.011501775446230012,-0.06230590011561831,0.02327061906477024,0.22471079167322905,0.0013227018399582131
456,-780.3272555999993,1.0,1.4997775111626659,-0.01332927209954998,-0.014757026899297424,-0.01317866184035589,-0.00657784005914101,0.0012523269814133206,-0.06739413077288021,0.03372723813087774,0.3952079339501817,-0.0009673886778565458
457,-10106.86175819999,1.0,1.499994686760965,-0.01566349845468724,-0.0009673886778565458,-0.008968999206233993,-0.011416749135932151,-0.005497151631085598,-0.046142864870013775,0.03501915362176568,0.44728375288178884,-0.01719822204936568
458,-4061.9643663999987,1.0,1.4999998827789482,-0.018047184399229404,-0.01719822204936568,-0.03595363468155364,-0.02997587691933042,-0.02152249601663034,-0.06763622081145494,0.03571543836873933,0.5053048548054662,-0.006798322247341396
459,-3683.0034702000016,1.0,1.499999999987141,-0.023745786636879863,-0.006798322247341396,-0.037054824291683525,-0.03373330224817503,-0.019198852495505694,-0.07101505136461467,0.0327641219231384,0.7247496726017955,-0.005910602588941305
460,464.56889520000163,1.0,1.4992891801741217,-0.01260318620827717,-0.005910602588941305,-0.04407065439613879,-0.04891571898669731,-0.0391070228468114,-0.0814158494679339,0.02787500982681484,0.4521320812648941,0.0007315059651325931
462,-5778.868009799993,-1.0,1.4963496981385966,0.005579859348229709,0.004874644726167845,-0.02408460777812768,-0.031987135085119196,-0.03932948692324141,-0.0788683705719768,0.023070344619139108,0.24186285208763939,0.009600869781426814
463,10173.464276199997,-1.0,1.4999999980013445,0.014591926143812911,0.009600869781426814,0.0024242467630594643,-0.03274087655926223,-0.019967182624558606,-0.06680539333477223,0.032219378464407165,0.45289285018122405,-0.017007377688293742
464,483.66084460000076,1.0,0.3018822636925381,-0.007551912087610352,-0.017007377688293742,-0.007789233568128784,-0.044721953471371846,-0.03961405821602698,-0.1038844403732687,0.03225793746654794,0.2341101967675962,0.002693173020296123
465,8433.709007800002,1.0,1.499963873215361,-0.0144654701825266,0.002693173020296123,0.0007383131599812442,-0.04321860047825151,-0.04675972645142165,-0.08873683676332839,0.023747363092469012,0.6091400601489951,0.01354844828720934
466,1851.9067566000138,-1.0,1.4999999998912223,0.01641125475828513,0.01354844828720934,0.013436481317532946,-0.016117070020447016,-0.020201537250363253,-0.07779839313814454,0.03673493747652483,0.4467478614540344,-0.0033831693709104153
467,603.1753020000008,-1.0,1.4999980336528327,0.010284764319731283,-0.0033831693709104153,0.0050950827999932495,-0.01862753673064654,-0.02736857769885499,-0.08856940054722555,0.036815035262729265,0.2793631527536075,-0.0013255649819898536
469,3598.32288439999,1.0,1.49999999309642,-0.019817197793523665,-0.018507313796144485,-0.006865906055151545,-0.01505408595605855,-0.046693534007529056,-0.09475600556900099,0.02761220944696252,0.7176969243112725,0.00574350193812151
470,-5392.798903999997,1.0,1.4995819542046198,-0.01293502692043036,0.00574350193812151,-0.003960489114785654,-0.003665628256881147,-0.051859794859418086,-0.08220058001343906,0.02581456589781755,0.5010747409672277,-0.008539552120465957
472,3368.089464999993,1.0,1.1725972242220466,-0.008682804665763464,2.4910877187715704e-05,-0.022525965294128744,-0.017850789644859547,-0.04874608541460369,-0.0827214711460875,0.03436600004391669,0.25265683101517816,0.005967677371905661
473,-65.37454300001079,-1.0,1.4979455056980764,0.005939496337124117,0.005967677371905661,-0.01562674650713046,-0.020868017126331215,-0.05408067454506401,-0.0861310855179334,0.036521838539440805,0.16262862371262918,9.796594023220851e-05
474,7894.802370000015,-1.0,1.4981341605255485,0.0059997427026549635,9.796594023220851e-05,0.0028335577910193087,-0.0037974970014667073,-0.04885838682400326,-0.08744299581800567,0.024820812072970214,0.24172225650862827,-0.012996870714459326
475,-7080.230867599989,1.0,1.499509846083124,-0.012835553594496996,-0.012996870714459326,-0.016072088297603686,-0.020264244789360588,-0.06344652613599486,-0.10964489574807204,0.03166919681708952,0.40530088807211556,-0.011372596629504952
476,-3312.5277313999964,1.0,1.4999999999934843,-0.02417068541015213,-0.011372596629504952,-0.0187689351661479,-0.044540716021544566,-0.06133184809986326,-0.11515540360923096,0.03167266476638636,0.763140253225679,-0.005658100889428116
477,6830.834748799987,1.0,1.4999993474003803,-0.016974120316534568,-0.005658100889428116,-0.02377093297947375,-0.04670200215130078,-0.06575907036783671,-0.1227542582135889,0.02892817503406552,0.5867677548461325,0.011666398236755002
478,4707.692405599987,-1.0,1.4980647414878223,0.005976894182559799,0.011666398236755002,-0.018059005084557316,-0.03413918344820528,-0.03851813602050203,-0.08457137641355846,0.03399732878764754,0.17580481748705568,-0.007801786390789684
479,1805.2768218000022,-1.0,1.4300071596944135,0.0037170353295231575,-0.007801786390789684,-0.02600670495136011,-0.023739079724942585,-0.03977134832120535,-0.08837093057162983,0.029545336405944263,0.12580785266588884,-0.0031862521829602946
480,5603.789076799995,1.0,1.4896839659398533,-0.010928882293999423,-0.0031862521829602946,-0.016565449641916502,-0.03234244452447803,-0.03691908484339609,-0.09908060186542536,0.03094082549516135,0.3532188336639087,0.009007831495024574
481,-6140.439059200002,-1.0,1.49656638000975,0.0056181603271425,0.009007831495024574,0.0037102774119464337,-0.015096665743440192,-0.029224218296502548,-0.08341337030833022,0.027319971223756654,0.20564298114110424,0.0103770871964747
482,-3274.832856799999,-1.0,1.4999999999992701,0.019538881652007067,0.0103770871964747,0.02013705882172951,-0.004294413997459907,-0.023916822358805608,-0.06794626779789505,0.03563202609167417,0.5483516879376261,0.005424736800250855
483,-1083.1057779999924,-1.0,1.4999999997575635,0.015910357529925343,0.005424736800250855,0.013873510692647929,-0.004925586604555225,-0.02671910704848804,-0.07289950356636068,0.031272821845350685,0.5087598940896575,0.0014467617710468496
484,-8076.009136600016,-1.0,1.4994840634090818,0.006803506888619243,0.0014467617710468496,0.023081156275302862,-0.00378633453044034,-0.007858007873839896,-0.0776542458882898,0.02661065931876441,0.2556684825851637,0.013368456346741624
485,7885.137763200017,-1.0,1.49999999843158,0.014743429920010038,0.013368456346741624,0.04014896237870427,0.022375471864541308,0.002126381647348587,-0.06326796167869339,0.030944393557338884,0.47644914716751435,-0.013222786412113264
487,6389.061471199983,1.0,1.4999982138384356,-0.01634483227213252,-0.003059240647794109,0.0033664151977524054,0.02308197472595592,-0.024367574061666022,-0.08453130883625751,0.023847006118889544,0.6854039534625503,0.010362835619330393
488,-1829.576356599999,-1.0,1.499759489609629,0.007280588618272443,0.010362835619330393,0.008448266253362445,0.02219372868710298,-0.012469868323851668,-0.06277250650011758,0.029641297607003042,0.24562314088949783,0.002948847772003688
489,11352.166024800003,-1.0,1.4999999851461878,0.013338312513707986,0.002948847772003688,0.010095046569521888,0.03302454553397065,0.008997126173558538,-0.04125593062137463,0.025797297907856745,0.517043008199929,-0.01858006166295284
490,-706.0625801999809,1.0,1.4999944060678787,-0.015631322869847742,-0.01858006166295284,-0.021750586116447094,0.01675747651852581,-0.01565443014264174,-0.05380478385241686,0.03180504291868409,0.4914730946854033,-0.0008932036400850126
491,-6246.21583640001,1.0,1.4999999885537787,-0.019501185572592315,-0.0008932036400850126,-0.009682267537878417,0.0065141875147150365,-0.008375130879627522,-0.05651996419523406,0.030960748907138614,0.6298680187318056,-0.010245570964760238
492,1672.6188253999958,1.0,1.4933216320650433,-0.011201560907927711,-0.010245570964760238,-0.01690403048340777,-0.014045817816147454,-0.018115434944703582,-0.05625981078357032,0.02713092162732022,0.412870637488702,0.0026627697362138062
493,-1720.3224634,1.0,0.30132265658301666,-0.007551351525180412,0.0026627697362138062,-0.0243598492403679,-0.01644243568432316,-0.021293675239263274,-0.05603940479342159,0.03039077119284386,0.24847515310695817,-0.009918868593584072
495,110.27871799998746,1.0,1.4999999999842446,-0.02361883623980085,-0.013865802538557298,-0.03168886553568297,-0.05286331440603539,-0.03177489707037601,-0.07609275413258669,0.030555219602828226,0.7729885939885264,0.0007927059644147935
496,7275.905055999991,1.0,1.4995661756398004,-0.012911867495531217,0.0007927059644147935,-0.0298334254899925,-0.039455465730349325,-0.019390784260218508,-0.07623834715394073,0.03688452025847188,0.3500619610896399,0.012827977253187281
497,-5631.79001500002,-1.0,1.499999993294575,0.013835399789349593,0.012827977253187281,-0.007405740237119809,-0.02329976638290324,-0.0009901786016626648,-0.07128198857861202,0.037052527266691344,0.3733996250719187,0.009497683197805765
498,-6406.144052599994,-1.0,1.4999999999999942,0.022551345016810442,0.009497683197805765,-0.0005008108337576606,-0.023877485955341306,-0.003628672827914589,-0.062208783021638306,0.028513422946283746,0.7909027639120977,0.010782291105369468
499,-251.8360586000038,-1.0,1.4999999999998306,0.020451475437511548,0.010782291105369468,0.02065333909468679,-0.016527242966460142,0.014453270367077274,-0.04558124246385697,0.030508281194180316,0.6703581662743039,
