name,asset_idx,asset,family,lookback,mode,lag_signal,threshold,full_mean_pl,full_std_pl,full_sharpe,full_score,full_worst_day,roll_mean_score,roll_median_score,roll_min_score,roll_neg_count,roll_positive_count,corr_to_market,vol_window,z_window,leader,lag,train_corr,abs_corr_to_market
NAYO_market_spread_z_w60_reversal_e1.0,35,NAYO,market_spread_z,,reversal,,1.0,27.33770907600005,248.58032163197504,1.7388630387888526,20.543443842868058,-709.6000660000009,22.284796052266866,20.507748902304257,10.292202697339276,0,15,0.1466308488844572,,60.0,,,,0.1466308488844572
ULXY_own_z_l2_v20_reversal_e0.5,40,ULXY,own_return_z,2.0,reversal,,0.5,36.45211391199996,256.75852033455345,2.2447493726718926,30.415896149736945,-752.2724879999987,22.87205763532479,23.612786564035638,9.19711501957351,0,15,0.18618331990845907,20.0,,,,,0.18618331990845907
ELLT_lead1_GARI_corr+1,29,GARI,lead_lag,,momentum,,,37.785078768000034,220.51795201313016,2.709233179996033,33.25446359254198,-535.3700160000008,26.310435039770628,28.40083542333193,8.826038763456781,0,15,-0.12652397759200895,,,ELLT,1.0,0.1523066527517298,0.12652397759200895
ULXY_own_z_l2_v60_reversal_e0.5,40,ULXY,own_return_z,2.0,reversal,,0.5,36.06213652799996,255.8602036233519,2.2285311882325938,30.01788352057918,-752.2724879999987,22.355252379724707,24.065817079832946,7.282158791064085,0,15,0.18657488800801675,60.0,,,,,0.18657488800801675
ULXY_own_z_l2_v40_reversal_e0.5,40,ULXY,own_return_z,2.0,reversal,,0.5,35.65102131199998,254.58746550392215,2.214139412440702,29.610945961100942,-752.2724879999987,21.172504834201284,23.29002289129213,7.282158791064085,0,15,0.18816702572262897,40.0,,,,,0.18816702572262897
CCNS_lead1_CUBO_corr-1,14,CUBO,lead_lag,,momentum,,,23.712984272000096,156.97534285811204,2.3884974243072636,20.17632992515423,-417.5095340000016,23.50000110042907,23.914679446133185,6.345688858943236,0,15,0.09448642116268255,,,CCNS,1.0,-0.1600744604838897,0.09448642116268255
SRNA_absolute_return_w10_momentum_lag,3,SRNA,absolute_return,10.0,momentum,True,0.0,14.139021299999982,155.59501324283096,1.4367912654069233,9.525014092504478,-462.9617269999999,19.747666889839117,21.382935063530415,4.381090717152392,0,15,0.02312448543587427,,,,,,0.02312448543587427
MTNS_lead2_FCSG_corr+1,47,FCSG,lead_lag,,momentum,,,22.380427355999977,253.57167615073604,1.395525054833585,14.787381747918667,-546.3005699999994,30.014229318576454,25.366993582259973,4.2992136492083155,0,15,-0.0009708562867007562,,,MTNS,2.0,0.1874233862411082,0.0009708562867007562
HETT_lead2_DIHO_corr-1,17,DIHO,lead_lag,,momentum,,,22.094382952000036,201.0078450179326,1.7379563871768682,16.598940918206306,-553.4308000000001,33.89271660171933,28.698389511348832,4.29342638776752,0,15,0.07960281789799989,,,HETT,2.0,-0.18705183555158272,0.07960281789799989
NAYO_relative_return_w10_reversal_lag,35,NAYO,relative_return,10.0,reversal,True,0.0,29.36764386399999,333.58119898551433,1.3919945789112196,19.3706548477697,-709.6000660000009,17.62885565893138,18.422404096806535,3.459827419201495,0,15,0.07049082035399615,,,,,,0.07049082035399615
NAYO_market_spread_z_w20_reversal_e1.0,35,NAYO,market_spread_z,,reversal,,1.0,18.97707114400001,240.6120519184911,1.2470441038927316,11.549991948908525,-689.336467000001,15.438878592605827,13.82520637673658,2.7407744241286087,0,15,0.06990274650071653,,20.0,,,,0.06990274650071653
ALGO_lead1_ULXY_corr-1,40,ULXY,lead_lag,,momentum,,,43.662325235999916,298.93206772028935,2.3094276358132793,36.768407412756225,-760.2689840000003,30.233046290279912,26.03976001656968,2.1969132298466216,0,15,0.16383135126969223,,,ALGO,1.0,-0.16157345473574763,0.16383135126969223
BLBT_own_z_l5_v40_reversal_e0.5,41,BLBT,own_return_z,5.0,reversal,,0.5,12.446436392000047,114.78028383532785,1.7145404435310458,9.287160881608218,-316.8151199999975,7.757510799113957,6.941000246762143,1.9842674834454703,0,15,0.06712540664171932,40.0,,,,,0.06712540664171932
ULXY_absolute_return_w60_reversal_lag,40,ULXY,absolute_return,60.0,reversal,True,0.0,52.208683623999946,299.1493187881591,2.759463978721061,46.1482243549895,-846.6058790000025,31.443712064037324,29.58182583204461,1.9020619866541637,0,15,0.07011879432455652,,,,,,0.07011879432455652
MDGI_own_z_l5_v60_reversal_e1.0,22,MDGI,own_return_z,5.0,reversal,,1.0,20.516321432000076,172.01697408611713,1.885811132242317,16.013458328236403,-580.3405919999996,18.236336313682333,18.460170528907355,1.601638226687417,0,15,-0.029147430950867477,60.0,,,,,0.029147430950867477
CCNS_lead2_CTGI_corr-1,25,CTGI,lead_lag,,momentum,,,29.296389928000092,301.88572842820946,1.5344103855993947,20.562709716482335,-792.1268159999981,27.37129765746573,22.338892441039416,1.4720409917265924,0,15,-0.0268805354074553,,,CCNS,2.0,-0.15793121183195521,0.0268805354074553
RTTH_relative_return_w20_reversal_cur,18,RTTH,relative_return,20.0,reversal,False,0.0,27.802595875999955,308.08303416527787,1.4268803874834246,18.64491831895062,-778.3852139999999,24.75376722180602,22.564574660182124,1.3411892509478403,0,15,-0.10190686523139421,,,,,,0.10190686523139421
ITPA_lead1_ULXY_corr-1,40,ULXY,lead_lag,,momentum,,,21.06589756400002,300.52320016070706,1.1083373467074957,11.612573562524615,-848.5929810000016,38.810955828846,45.9883537564595,1.290074469321032,0,15,0.0855122773809726,,,ITPA,1.0,-0.22329895834138294,0.0855122773809726
BLBT_own_z_l5_v60_reversal_e0.5,41,BLBT,own_return_z,5.0,reversal,,0.5,11.790021388000023,115.33666472049379,1.6162822697592325,8.526228728359124,-316.8151199999975,6.630085741214013,5.898545116035291,1.2417698351961135,0,15,0.06838040024722244,60.0,,,,,0.06838040024722244
EELT_market_spread_z_w60_reversal_e1.0,37,EELT,market_spread_z,,reversal,,1.0,16.694854607999986,223.56350831840942,1.180733075888355,9.72161153077236,-854.5802619999995,19.1827716000851,14.327243290078929,1.1240859764660578,0,15,-0.024793372241625013,,60.0,,,,0.024793372241625013
MTNS_lead10_ALUT_corr-1,26,ALUT,lead_lag,,momentum,,,20.295051071999946,204.25976623989595,1.5710041139865558,14.443051217298747,-537.0581100000009,17.815542808496033,17.712034581315987,1.117909819793048,0,15,-0.043363333433999666,,,MTNS,10.0,-0.15346527938436316,0.043363333433999666
DUCT_absolute_return_w60_momentum_lag,9,DUCT,absolute_return,60.0,momentum,True,0.0,15.611523264000025,207.79366505962813,1.187908477498091,9.136739409085356,-691.6952519999977,10.84450453231239,3.9606802863217205,1.0738408972858033,0,15,0.004600526584448337,,,,,,0.004600526584448337
SRNA_absolute_return_w5_momentum_lag,3,SRNA,absolute_return,5.0,momentum,True,0.0,14.887838284000015,155.5414184714119,1.5134064892929424,10.363208483548478,-462.9617269999999,18.179254892277548,16.822518397404107,0.860524108999869,0,15,0.0430721164677704,,,,,,0.0430721164677704
SRNA_absolute_return_w2_momentum_lag,3,SRNA,absolute_return,2.0,momentum,True,0.0,20.728505883999944,154.78167399088468,2.1174758417944917,16.9484867384377,-427.7076699999998,16.91615881244515,18.00196988318136,0.7988407931593874,0,15,-0.04656588639962786,,,,,,0.04656588639962786
ULXY_lead2_AENO_corr-1,1,AENO,lead_lag,,momentum,,,26.121658379999964,184.52858567390732,2.2382422875011603,21.775096265463517,-381.0638689999996,23.779614437562852,21.289198013060844,0.6776641689361727,0,15,0.2446704186961234,,,ULXY,2.0,-0.1526022092384535,0.2446704186961234
SRNA_market_spread_z_w10_momentum_e1.0,3,SRNA,market_spread_z,,momentum,,1.0,12.573536335999986,119.1681150678334,1.6682739775658613,9.249963121766525,-462.9617269999999,15.318483222481335,15.53499861365253,0.5929054893414082,0,15,0.0503004341706577,,10.0,,,,0.0503004341706577
FWWG_absolute_return_w20_reversal_cur,36,FWWG,absolute_return,20.0,reversal,False,0.0,9.972296127999966,146.09391435194803,1.0792773061781347,5.365813240343295,-431.006206,21.602090333502694,18.176794419272657,0.4842435407722673,0,15,-0.052349172117633486,,,,,,0.052349172117633486
MTNS_absolute_return_w60_reversal_lag,33,MTNS,absolute_return,60.0,reversal,True,0.0,12.77912548799994,190.59149680983677,1.060150733993943,6.762360250922138,-546.8518999999987,15.942186954970985,14.411516672628427,0.3297439356751793,0,15,-0.06886252112635463,,,,,,0.06886252112635463
NGTE_relative_return_w5_reversal_lag,45,NGTE,relative_return,5.0,reversal,True,0.0,18.589045999999936,226.73775962074004,1.2962932373498044,11.65380821627533,-714.1577799999977,9.404037202330239,6.500246279092496,0.3124495742428651,0,15,-0.030997471455784718,,,,,,0.030997471455784718
MDGI_own_z_l5_v20_reversal_e1.0,22,MDGI,own_return_z,5.0,reversal,,1.0,18.840054496000107,169.32553937821464,1.7592586348117425,14.239298413042217,-580.3405919999996,18.456798066238605,17.909510604790995,0.30043160985194534,0,15,-0.02241975568587401,20.0,,,,,0.02241975568587401
NPCK_relative_return_w5_momentum_lag,11,NPCK,relative_return,5.0,momentum,True,0.0,19.867517463999928,176.61873242509589,1.7785940872964001,15.095568545699072,-388.40617399999974,13.139907292873724,12.988200764090273,0.28743129559825953,0,15,0.04513126222819426,,,,,,0.04513126222819426
SRNA_market_spread_z_w20_momentum_e0.5,3,SRNA,market_spread_z,,momentum,,0.5,15.43746012400007,145.30558284764822,1.6798231122010778,11.398149551167721,-462.9617269999999,14.827033629504475,15.433745097348284,0.19064293382801548,0,15,0.14297737971306915,,20.0,,,,0.14297737971306915
BLBT_own_z_l5_v20_reversal_e0.5,41,BLBT,own_return_z,5.0,reversal,,0.5,12.485181748000032,117.58730980459781,1.6788210985714174,9.215474530082668,-316.8151199999975,6.865049603726255,3.9478363507521492,0.1876112859122498,0,15,0.06582528923667534,20.0,,,,,0.06582528923667534
ALGO_absolute_return_w2_reversal_cur,0,ALGO,absolute_return,2.0,reversal,False,0.0,150.66066804160022,1008.3236316797896,2.362489828887077,127.76863517306401,-3030.69462200001,83.98150414962589,61.118758836943655,0.16753874183374579,0,15,0.6846627818800892,,,,,,0.6846627818800892
NAYO_absolute_return_w10_reversal_lag,35,NAYO,absolute_return,10.0,reversal,True,0.0,36.385914992000025,332.86022028844747,1.7283886615270145,27.2605255623045,-709.6000660000018,17.083470433622107,19.73015470195463,0.1406128783978514,0,15,0.09929487841297299,,,,,,0.09929487841297299
ALUT_absolute_return_w20_reversal_cur,26,ALUT,absolute_return,20.0,reversal,False,0.0,27.620196120000074,204.05044149222343,2.140223969157016,22.67083568659093,-585.3307259999983,17.205731231854198,10.732344635939677,0.13513400291464048,0,15,0.004139202428882349,,,,,,0.004139202428882349
RTTH_relative_return_w20_reversal_lag,18,RTTH,relative_return,20.0,reversal,True,0.0,42.92467971600001,306.33105973137066,2.2155728487803876,35.66010007971008,-778.3852139999999,25.432288448750057,21.670471070522638,0.11494214055045741,0,15,-0.05146172386510589,,,,,,0.05146172386510589
NPCK_absolute_return_w20_momentum_lag,11,NPCK,absolute_return,20.0,momentum,True,0.0,16.84564777599995,175.97113501336744,1.5136180041420755,11.72700730749808,-446.4090219999998,11.875774178330857,10.39509113806162,0.09711443545814856,0,15,0.052621032084911264,,,,,,0.052621032084911264
MDGI_own_z_l5_v40_reversal_e1.0,22,MDGI,own_return_z,5.0,reversal,,1.0,18.430695212000085,169.9508796193627,1.714700619991376,13.753089111822577,-580.3405919999996,17.680576986964176,19.08667023270751,0.06736317264274708,0,15,-0.029222707237549574,40.0,,,,,0.029222707237549574
HUXZ_own_z_l5_v60_momentum_e0.5,8,HUXZ,own_return_z,5.0,momentum,,0.5,13.892782896000051,204.10990648744823,1.0762054068231122,7.455628541809625,-508.28000000000156,13.384190239455238,8.564801710592743,0.06331030705335741,0,15,-0.10252530943000163,60.0,,,,,0.10252530943000163
FWWG_own_z_l20_v20_reversal_e0.5,36,FWWG,own_return_z,20.0,reversal,,0.5,9.612747811999965,140.03406514500827,1.0853851035189899,5.199304573523115,-431.006206,15.74607072906818,10.703998476913998,0.052457012228232916,0,15,-0.04851784779757824,20.0,,,,,0.04851784779757824
AMRP_absolute_return_w10_reversal_lag,5,AMRP,absolute_return,10.0,reversal,True,0.0,37.623548304000074,259.22225667904866,2.2948667259947797,31.61954783956027,-695.0352549999989,32.29090995531339,37.54873597419301,0.04895997067396744,0,15,0.0691256203859525,,,,,,0.0691256203859525
MTNS_absolute_return_w60_reversal_cur,33,MTNS,absolute_return,60.0,reversal,False,0.0,17.921443944000007,190.1266815245063,1.4903900222643482,12.357959317206,-546.8518999999987,17.646962474652753,16.637266165453422,0.043561280016918794,0,15,-0.05923108639374249,,,,,,0.05923108639374249
ACAC_absolute_return_w2_reversal_cur,27,ACAC,absolute_return,2.0,reversal,False,0.0,26.789336052000007,204.08688514191783,2.0754718969098307,21.74196645843752,-441.72925099999975,26.740002650379452,29.878986570089765,0.03952243883482521,0,15,0.1408805210543959,,,,,,0.1408805210543959
EAFC_absolute_return_w2_reversal_lag,50,EAFC,absolute_return,2.0,reversal,True,0.0,20.368653232000078,228.16623522679703,1.4115001945674717,13.56170540954867,-432.0679680000012,12.801381192146296,12.031557064647393,0.031412397299982894,0,15,0.006950599027880623,,,,,,0.006950599027880623
ULXY_absolute_return_w60_reversal_cur,40,ULXY,absolute_return,60.0,reversal,False,0.0,35.21900008800001,301.788324483249,1.8452048697121215,27.223369885641624,-846.6058790000025,17.163213414960627,15.978640408902363,0.028891279299504614,0,15,0.09721566678706242,,,,,,0.09721566678706242
RRES_relative_return_w10_momentum_lag,24,RRES,relative_return,10.0,momentum,True,0.0,27.935911476000058,241.47736653451133,1.8291798946790931,21.507802834698627,-607.5654569999979,21.077444190075948,20.57551908753699,0.028203097307540427,0,15,-0.08989804214981166,,,,,,0.08989804214981166
ALUT_relative_return_w20_reversal_cur,26,ALUT,relative_return,20.0,reversal,False,0.0,18.104032907999994,205.26457455036154,1.3945411415810407,11.956120971556095,-583.3333699999985,12.711442366939787,14.121219153817941,0.028138669388353448,0,15,-0.14339584486169815,,,,,,0.14339584486169815
AMRP_market_spread_z_w10_reversal_e0.5,5,AMRP,market_spread_z,,reversal,,0.5,15.243557087999935,233.07385619808522,1.0341005384987396,7.877256306756791,-633.0006560000002,11.178995733949735,10.28798835336747,0.02024102748592081,0,15,-0.03269194327472461,,10.0,,,,0.03269194327472461
BLBT_own_z_l5_v60_reversal_e1.0,41,BLBT,own_return_z,5.0,reversal,,1.0,13.445356711999997,99.12732629280752,2.144613032220843,11.044127898947586,-317.79791999999725,7.287935228854788,5.310531929862898,0.016352235507556316,0,15,0.07588105556694569,60.0,,,,,0.07588105556694569
FWWG_absolute_return_w40_reversal_cur,36,FWWG,absolute_return,40.0,reversal,False,0.0,16.23242843199995,145.47033637913646,1.7643269094742224,12.285668732912454,-429.06883000000016,8.773156226082643,7.333437864708369,0.012937991713374739,0,15,-0.13301600662855645,,,,,,0.13301600662855645
ALUT_own_z_l20_v40_reversal_e0.5,26,ALUT,own_return_z,20.0,reversal,,0.5,20.798470052000027,182.57352343284944,1.8012068774942378,15.898193543951209,-584.3086779999976,10.59630619975462,6.5268510228676355,0.010876792545249564,0,15,-0.029953817298539957,40.0,,,,,0.029953817298539957
AETS_lead1_DIHO_corr+1,17,DIHO,lead_lag,,momentum,,,21.1955585479999,200.44146330210668,1.671965475279649,15.611120614755444,-551.4130439999963,22.108747863456145,26.024473438293146,0.010574323214168978,0,15,-0.0956534210593847,,,AETS,1.0,0.16352818394984212,0.0956534210593847
ELLT_lead1_ULXY_corr-1,40,ULXY,lead_lag,,momentum,,,36.90772524799999,301.4101192304894,1.9361074428647895,29.135243044655866,-801.8472399999973,25.65102958290185,20.408356392910232,0.007315557720101993,0,15,0.09839112703441258,,,ELLT,1.0,-0.1857433752220173,0.09839112703441258
DUCT_relative_return_w5_reversal_cur,9,DUCT,relative_return,5.0,reversal,False,0.0,17.3849748240001,207.50428189484688,1.324698387100861,11.074240142316102,-793.5014480000009,13.001787823983399,7.253882736804474,0.007052850941460921,0,15,-0.02666736308568994,,,,,,0.02666736308568994
FWWG_absolute_return_w20_reversal_lag,36,FWWG,absolute_return,20.0,reversal,True,0.0,14.120822959999984,145.66016672834158,1.5328131222340626,9.905042926520085,-415.2028879999998,14.450105253848756,12.135825834853673,0.006991373229762391,0,15,-0.008633154226799814,,,,,,0.008633154226799814
ULXY_own_z_l20_v40_reversal_e0.5,40,ULXY,own_return_z,20.0,reversal,,0.5,26.42435395600005,290.61419311043016,1.4376645425519288,17.808314310105605,-846.6058790000025,14.771020055593125,12.389346860506476,0.0034530409365232445,0,15,0.13925205635250867,40.0,,,,,0.13925205635250867
BLBT_absolute_return_w5_reversal_cur,41,BLBT,absolute_return,5.0,reversal,False,0.0,11.42622018400005,129.05864678591712,1.399862842509333,7.565509784556365,-316.8151199999975,5.579472164809038,5.529192206227481,0.0027602078045891147,0,15,0.09510578299074152,,,,,,0.09510578299074152
NWIG_absolute_return_w40_momentum_cur,20,NWIG,absolute_return,40.0,momentum,False,0.0,15.554994323999978,208.16350855070232,1.1815041790297762,9.062796854244976,-522.460000000001,9.540500137289161,5.041050965013828,0.0011100341410252479,0,15,-0.14768978078408104,,,,,,0.14768978078408104
BLBT_own_z_l5_v40_reversal_e1.0,41,BLBT,own_return_z,5.0,reversal,,1.0,13.988288719999957,100.85924477045732,2.19290026531103,11.580173300389628,-316.8151199999984,7.448721422722658,5.5791261365158915,0.0010910508618835952,0,15,0.08252673367599418,40.0,,,,,0.08252673367599418
GARI_absolute_return_w60_reversal_cur,29,GARI,absolute_return,60.0,reversal,False,0.0,21.504881759999996,222.93688197639673,1.5251941843658323,15.039615116161366,-536.239133000001,6.532165267033198,2.6930483907164264,0.0007310919040278249,0,15,-0.06401590215939311,,,,,,0.06401590215939311
CUBO_relative_return_w40_momentum_cur,14,CUBO,relative_return,40.0,momentum,False,0.0,14.245817652000053,158.89824895100293,1.417549633465227,9.512118129945076,-415.5475180000021,7.044423017655186,3.868517103068255,0.00020092777370374557,0,15,-0.04832289006971848,,,,,,0.04832289006971848
BLBT_own_z_l2_v20_reversal_e1.0,41,BLBT,own_return_z,2.0,reversal,,1.0,10.841811672000032,90.61740965840224,1.891734655369258,8.473911094751896,-288.29439000000093,8.667584171937111,9.176912835287952,-0.06525891999995963,1,14,0.18403443474619446,20.0,,,,,0.18403443474619446
DUCT_relative_return_w60_momentum_cur,9,DUCT,relative_return,60.0,momentum,False,0.0,17.02310634400003,207.66410986050772,1.296126445115187,10.6710676978493,-691.6952519999977,13.844018623283137,17.030053003169307,-0.1598584899999878,1,14,-0.027610443554352694,,,,,,0.027610443554352694
SRNA_lead2_LSST_corr-1,2,LSST,lead_lag,,momentum,,,23.532023388000066,214.77143805855667,1.732418251959171,17.650889211541898,-539.5229679999975,21.62442293845459,26.648293426346076,-0.17164494999991803,1,14,0.02059780359411572,,,SRNA,2.0,-0.18055359860986528,0.02059780359411572
ALUT_own_z_l20_v60_reversal_e0.5,26,ALUT,own_return_z,20.0,reversal,,0.5,22.70479940000004,184.82122697186253,1.9423872760068661,17.94774392932638,-584.3086779999976,11.652633445148922,6.5268510228676355,-0.22483731999995143,1,14,-0.03228807285876895,60.0,,,,,0.03228807285876895
BENI_absolute_return_w10_reversal_lag,42,BENI,absolute_return,10.0,reversal,True,0.0,23.34522985999995,108.94770809590511,3.3880519447360617,21.474452998249877,-266.2688020000005,13.521832451555884,13.277184611242495,-0.23874908000001596,1,14,0.03652286201460038,,,,,,0.03652286201460038
ULXY_own_z_l20_v40_reversal_e1.0,40,ULXY,own_return_z,20.0,reversal,,1.0,20.833165616000052,280.06451347387315,1.1761621170939756,12.092065239876188,-846.6058790000025,13.090298310013843,12.488042032315763,-0.2671904700000778,1,14,0.12993319677329557,40.0,,,,,0.12993319677329557
NPCK_relative_return_w10_momentum_lag,11,NPCK,relative_return,10.0,momentum,True,0.0,17.899153952,176.86745605227793,1.6001274610291756,12.871877724876589,-388.40617400000156,22.96188983992851,22.105486964031204,-0.40983872000007976,1,14,0.02561078041652278,,,,,,0.02561078041652278
SRNA_own_z_l5_v40_momentum_e1.0,3,SRNA,own_return_z,5.0,momentum,,1.0,13.985538847999988,133.38546345688334,1.6578327172339666,10.254479174339325,-463.9075389999998,17.87543706420498,18.439947600430667,-0.4529911100000271,1,14,0.003831029527309913,40.0,,,,,0.003831029527309913
SRNA_own_z_l5_v20_momentum_e1.0,3,SRNA,own_return_z,5.0,momentum,,1.0,12.810285863999997,135.50753508794196,1.4947390483417737,8.849458355106396,-463.9075389999998,16.77933004341866,18.34694768285171,-0.4529911100000271,1,14,0.010177914003130934,20.0,,,,,0.010177914003130934
BLBT_own_z_l5_v20_reversal_e1.0,41,BLBT,own_return_z,5.0,reversal,,1.0,14.81655488,101.4771303791897,2.308601963940208,12.475734897787571,-317.79791999999725,8.146723083982296,6.146299986638705,-0.46193795000002424,1,14,0.09047990315575104,20.0,,,,,0.09047990315575104
ULXY_absolute_return_w2_reversal_cur,40,ULXY,absolute_return,2.0,reversal,False,0.0,47.400562671999914,299.01370977715067,2.506469361033471,40.89163203133255,-752.2724879999987,33.53147758301911,36.95541960372663,-0.9371261400000367,1,14,0.16152638434105004,,,,,,0.16152638434105004
AGVF_lead10_CUBO_corr+1,14,CUBO,lead_lag,,momentum,,,14.396976652000005,158.73773174553924,1.4340395676551156,9.686647712461154,-461.7123290000018,14.812902685805051,16.992729134169515,-0.9767376500000501,1,14,-0.02421621300553983,,,AGVF,10.0,0.19171974607685502,0.02421621300553983
RRES_market_spread_z_w20_momentum_e1.0,24,RRES,market_spread_z,,momentum,,1.0,19.64438832800001,175.6704340856406,1.7681122802663094,14.883521627361013,-477.6438599999983,11.065482064036761,9.363270872953983,-1.1438546599999972,1,14,-0.1397650294861837,,20.0,,,,0.1397650294861837
ACAC_own_z_l2_v40_reversal_e0.5,27,ACAC,own_return_z,2.0,reversal,,0.5,19.699925519999965,179.9968781166686,1.7304920793820107,14.7682899294735,-440.7592590000004,15.374483900073189,8.962901452652595,-1.1755463000000055,1,14,0.1446619243535965,40.0,,,,,0.1446619243535965
SRNA_relative_return_w10_momentum_cur,3,SRNA,relative_return,10.0,momentum,False,0.0,13.053021588000087,155.67426159891141,1.3257579686415195,8.319608567292192,-462.9617269999999,15.09555065751304,17.74944179346958,-1.191835939999928,1,14,0.12495339545889346,,,,,,0.12495339545889346
ULXY_own_z_l20_v60_reversal_e0.5,40,ULXY,own_return_z,20.0,reversal,,0.5,24.876330556000074,289.71357854119543,1.357648902414446,16.126950168392938,-846.6058790000025,13.08579347614044,9.068581463275525,-1.1998092800000812,1,14,0.1279618087484084,60.0,,,,,0.1279618087484084
SRNA_market_spread_z_w20_momentum_e1.0,3,SRNA,market_spread_z,,momentum,,1.0,10.641220527999998,128.29736601020602,1.311425752495288,6.7287733648346135,-462.9617269999999,16.960318129128655,19.730526655055307,-1.2768163399999686,1,14,0.09864255283736223,,20.0,,,,0.09864255283736223
MTNS_lead1_ELLT_corr+1,4,ELLT,lead_lag,,momentum,,,11.749175319999965,170.6797102541676,1.0884174394399158,6.371123113016112,-427.8203199999989,14.012957227605394,14.099803505496524,-1.2882758800001102,1,14,0.03477965673095986,,,MTNS,1.0,0.158230844179617,0.03477965673095986
GARI_absolute_return_w40_reversal_lag,29,GARI,absolute_return,40.0,reversal,True,0.0,22.95924230799999,222.8260950601333,1.6291516266393264,16.676156935916556,-584.4488799999999,17.648725965781797,14.085078236641388,-1.4214179300000616,1,14,-0.07417086046849888,,,,,,0.07417086046849888
MDGI_absolute_return_w5_reversal_cur,22,MDGI,absolute_return,5.0,reversal,False,0.0,13.672050452000018,213.5704963665607,1.0121908327367648,6.91885413066434,-579.3804289999998,9.804254443526144,4.269162189594631,-1.4700540299999556,1,14,-0.012303546196884495,,,,,,0.012303546196884495
GARI_absolute_return_w2_reversal_cur,29,GARI,absolute_return,2.0,reversal,False,0.0,26.004190008000027,221.26325809077747,1.8582495314096577,20.16460843789815,-584.4488799999999,8.611925837047213,5.664218916176086,-1.5028344299999117,1,14,0.1193879570913615,,,,,,0.1193879570913615
FWWG_absolute_return_w40_reversal_lag,36,FWWG,absolute_return,40.0,reversal,True,0.0,11.431017223999955,145.94732816443155,1.2383937018610174,6.919282270631196,-429.06883000000016,13.82661183200264,14.979640650899652,-1.7653695800000424,1,14,-0.1369275198436258,,,,,,0.1369275198436258
ANSO_absolute_return_w10_reversal_cur,16,ANSO,absolute_return,10.0,reversal,False,0.0,18.978032255999953,202.53864303120392,1.4815396839569424,13.038041384354804,-714.5164999999997,11.047851390605535,6.709164091580244,-1.9401173200001358,1,14,0.006248744782776092,,,,,,0.006248744782776092
ULXY_own_z_l20_v20_reversal_e0.5,40,ULXY,own_return_z,20.0,reversal,,0.5,26.42435395600005,290.61419311043016,1.4376645425519288,17.808314310105605,-846.6058790000025,13.950958212566347,9.069981620888315,-1.9551734900000155,1,14,0.13925205635250867,20.0,,,,,0.13925205635250867
ANSO_own_z_l10_v20_reversal_e1.0,16,ANSO,own_return_z,10.0,reversal,,1.0,14.23405033999998,166.57756057687072,1.3510829204129904,9.196206458582873,-714.5164999999997,8.138949271738637,6.917207004464469,-2.0129234899999657,1,14,-0.008896742977164755,20.0,,,,,0.008896742977164755
NAYO_own_z_l10_v40_reversal_e0.5,35,NAYO,own_return_z,10.0,reversal,,0.5,48.708920551999995,314.7737698603424,2.446695786959091,41.73687824042613,-709.6000660000009,22.904006105969664,20.363674870420315,-2.1579826799999866,1,14,0.1740001625734041,40.0,,,,,0.1740001625734041
BLBT_own_z_l2_v60_reversal_e1.0,41,BLBT,own_return_z,2.0,reversal,,1.0,8.887933800000035,88.67268791702946,1.5848236453085922,6.356960229737931,-288.29439000000093,6.448936778021056,4.821365800860988,-2.201155130000006,1,14,0.1950161187252945,60.0,,,,,0.1950161187252945
RTTH_own_z_l20_v20_reversal_e1.0,18,RTTH,own_return_z,20.0,reversal,,1.0,37.20935872,272.202251924496,2.161376751983778,30.648654461652125,-778.3852139999999,26.681092525237833,26.264767502187308,-2.2208567999999684,1,14,-0.042880846164396504,20.0,,,,,0.042880846164396504
NAYO_own_z_l10_v60_reversal_e0.5,35,NAYO,own_return_z,10.0,reversal,,0.5,48.10052984,315.0189748517877,2.4142550623634493,41.05657704030533,-709.6000660000009,21.76308667136522,20.363674870420315,-2.3324725599999683,1,14,0.1743960413921585,60.0,,,,,0.1743960413921585
HUXZ_own_z_l5_v40_momentum_e0.5,8,HUXZ,own_return_z,5.0,momentum,,0.5,15.161387376000032,203.03232721504023,1.1807113983750896,8.828519996412915,-508.28000000000156,12.657219746505643,8.564801710592743,-2.3400563600000353,1,14,-0.09129118375753364,40.0,,,,,0.09129118375753364
CUBO_relative_return_w2_momentum_lag,14,CUBO,relative_return,2.0,momentum,True,0.0,12.594805491999978,158.8849058656207,1.2533686514942741,7.695881402229172,-461.7123290000018,9.584751211273865,8.396575085879233,-2.897316229999906,1,14,0.007224826222404445,,,,,,0.007224826222404445
RTTH_absolute_return_w20_reversal_lag,18,RTTH,absolute_return,20.0,reversal,True,0.0,59.51584863600004,303.4987517977093,3.100599878134427,53.90840366336672,-778.3852139999981,42.77495115953334,38.92720760748644,-3.203579659999814,1,14,-0.04883140557414123,,,,,,0.04883140557414123
MTNS_absolute_return_w20_reversal_cur,33,MTNS,absolute_return,20.0,reversal,False,0.0,28.235699847999975,188.84834497502706,2.364043033058019,23.950225907322533,-455.05041000000165,15.938585575196578,13.661360601700789,-3.2572951399999512,1,14,0.014153001190318232,,,,,,0.014153001190318232
NAYO_relative_return_w10_reversal_cur,35,NAYO,relative_return,10.0,reversal,False,0.0,35.97089283999998,332.9672528934911,1.7081251963331776,26.789237998363113,-709.6000660000009,21.742106525461796,23.808891083979333,-3.272285819999961,1,14,0.08338339493307458,,,,,,0.08338339493307458
NAYO_own_z_l10_v20_reversal_e0.5,35,NAYO,own_return_z,10.0,reversal,,0.5,49.28789770400003,313.3924901220995,2.4866903761047197,42.42675586031456,-709.6000660000009,23.062610714039803,22.3948171422802,-3.338677009999991,1,14,0.16663934160610477,20.0,,,,,0.16663934160610477
NPCK_lead2_ANSO_corr-1,16,ANSO,lead_lag,,momentum,,,18.165294876000118,200.92103674105218,1.4295095005601621,12.196735545792428,-648.3537060000017,20.44702180080848,11.343879828677217,-3.636320659999801,1,14,0.11488319374556,,,NPCK,2.0,-0.16366548230974376,0.11488319374556
ULXY_own_z_l20_v20_reversal_e1.0,40,ULXY,own_return_z,20.0,reversal,,1.0,22.072354196000052,277.1977289634573,1.259009459463073,13.53407209864629,-846.6058790000025,13.052546974800606,14.380669814711311,-3.6473328500000752,1,14,0.16014400807437135,20.0,,,,,0.16014400807437135
SMAH_lead1_DIHO_corr+1,17,DIHO,lead_lag,,momentum,,,16.32072824800009,203.6154694669013,1.2673564162746307,10.058439645401299,-551.448848,11.1204848072127,6.977123006767064,-3.841337749999839,1,14,-0.03544065148717158,,,SMAH,1.0,0.16087866376756443,0.03544065148717158
RRES_absolute_return_w2_momentum_cur,24,RRES,absolute_return,2.0,momentum,False,0.0,30.29217666799995,241.12036278306002,1.9863994987697482,24.167327102293182,-617.9635679999992,21.987633508202354,24.9676692410427,-3.8668344200000138,1,14,-0.13972242759895914,,,,,,0.13972242759895914
MTNS_relative_return_w60_reversal_lag,33,MTNS,relative_return,60.0,reversal,True,0.0,35.960044368000055,187.42473319201085,3.0336349698065774,32.43556609161873,-546.8518999999987,19.782229781795042,22.6883988485837,-3.906012669999927,1,14,-0.0137691340550145,,,,,,0.0137691340550145
ULXY_relative_return_w40_reversal_lag,40,ULXY,relative_return,40.0,reversal,True,0.0,19.81726172800003,303.11325493215116,1.0337338111820917,10.237251985693607,-925.1994400000021,14.191483693494945,14.576876010706558,-4.352920969999923,1,14,0.022492410964818462,,,,,,0.022492410964818462
ULXY_absolute_return_w20_reversal_cur,40,ULXY,absolute_return,20.0,reversal,False,0.0,32.07303471999999,302.032832438998,1.679020131186325,23.674992644894118,-846.6058790000025,18.648476481873523,20.65255737304762,-4.425134340000004,1,14,0.10040359110038292,,,,,,0.10040359110038292
DUCT_own_z_l20_v60_reversal_e0.5,9,DUCT,own_return_z,20.0,reversal,,0.5,21.85744004399998,197.3666445394515,1.7510378848690076,16.48195517432209,-793.5014480000009,13.549641136507804,13.605016399029369,-4.446471410000122,1,14,0.07982556602771623,60.0,,,,,0.07982556602771623
DUCT_own_z_l20_v20_reversal_e0.5,9,DUCT,own_return_z,20.0,reversal,,0.5,21.360116027999982,197.5844153448631,1.7093103627645245,15.913527118242794,-793.5014480000009,13.319089496018542,13.605016399029369,-4.446471410000122,1,14,0.08151830073210582,20.0,,,,,0.08151830073210582
SRNA_own_z_l5_v60_momentum_e1.0,3,SRNA,own_return_z,5.0,momentum,,1.0,10.615226508000006,130.97842978012707,1.281443581978596,6.5974997246026525,-463.9075389999998,16.330713300986666,16.403782417034833,-4.616281369999985,1,14,-0.025991367741029493,60.0,,,,,0.025991367741029493
NAYO_market_spread_z_w40_reversal_e1.0,35,NAYO,market_spread_z,,reversal,,1.0,15.259810447999985,241.1139754847523,1.0006835477101161,7.635118845755862,-709.6000660000009,8.979089877624181,9.20951154717562,-5.1630098900000885,1,14,0.057483845637113486,,40.0,,,,0.057483845637113486
DUCT_absolute_return_w20_reversal_cur,9,DUCT,absolute_return,20.0,reversal,False,0.0,18.710735063999962,207.4096293245778,1.4263691539032333,12.544791258267395,-793.5014480000009,9.842009422726088,8.979291837454147,-5.227751570000183,1,14,0.05155547950468195,,,,,,0.05155547950468195
HTRK_own_z_l2_v60_reversal_e1.0,44,HTRK,own_return_z,2.0,reversal,,1.0,10.580109139999974,134.7539297837107,1.2414199285047334,6.416553376401594,-416.47891999999956,7.187947544322706,7.525312180874296,-5.254671779999936,1,14,0.08153864424199439,60.0,,,,,0.08153864424199439
MTNS_absolute_return_w10_reversal_cur,33,MTNS,absolute_return,10.0,reversal,False,0.0,24.62757963600001,188.59759021593896,2.064693531284546,19.948163006195294,-546.8518999999987,14.048209420062653,13.829521575856862,-5.405093240000024,1,14,-0.05578336269389554,,,,,,0.05578336269389554
MDGI_market_spread_z_w20_reversal_e1.0,22,MDGI,market_spread_z,,reversal,,1.0,12.653626815999996,138.18961740328407,1.4478034657107817,8.566716094878643,-579.3804289999998,10.815698111876166,10.235550609417858,-5.443212419999976,1,14,-0.030461959709903123,,20.0,,,,0.030461959709903123
HTRK_absolute_return_w2_reversal_cur,44,HTRK,absolute_return,2.0,reversal,False,0.0,23.568214159999975,174.40365492865809,2.1366879369219376,19.33346652192951,-459.00117599999976,18.337551127394455,14.733030987102138,-5.633413239999936,1,14,0.08755978669274801,,,,,,0.08755978669274801
DUCT_own_z_l20_v40_reversal_e0.5,9,DUCT,own_return_z,20.0,reversal,,0.5,21.277772643999995,197.65044901671664,1.7021520928741276,15.818184233350257,-793.5014480000009,13.297596536836128,13.605016399029369,-5.895639910000137,1,14,0.08049123152362285,40.0,,,,,0.08049123152362285
CTGI_lead1_ULXY_corr-1,40,ULXY,lead_lag,,momentum,,,37.39580810399991,301.22025796913965,1.9629478001997132,29.690359124105534,-925.1994400000021,40.305603370124636,40.023720079090694,-5.998437349999876,1,14,0.09076300542759272,,,CTGI,1.0,-0.1580178585497037,0.09076300542759272
ANSO_own_z_l2_v40_reversal_e0.5,16,ANSO,own_return_z,2.0,reversal,,0.5,20.75702112000004,174.95406723418316,1.875905636750881,16.163765917227057,-591.5826689999976,15.384665112222367,15.617955064737036,-6.072928360000114,1,14,0.047120478381683005,40.0,,,,,0.047120478381683005
RCRI_absolute_return_w60_reversal_lag,30,RCRI,absolute_return,60.0,reversal,True,0.0,26.20230780800005,347.50253055268627,1.1922067516215031,15.380975607791195,-745.5994110000029,18.369290868052907,19.73699395235362,-6.470081239999927,1,14,0.15307760318597086,,,,,,0.15307760318597086
NPCK_lead5_ELLT_corr-1,4,ELLT,lead_lag,,momentum,,,12.16101889599987,169.162703882247,1.136672490363929,6.855220598463407,-396.35033699999894,13.513002769438057,11.478128245528172,-6.48656189000003,1,14,0.17317601374081218,,,NPCK,5.0,-0.15821381181982036,0.17317601374081218
EELT_absolute_return_w5_reversal_lag,37,EELT,absolute_return,5.0,reversal,True,0.0,35.684691900000004,347.9457696424218,1.6215875267190403,25.85296891043986,-854.5802619999995,37.30315572825679,37.010666189492504,-6.547395139999989,1,14,0.05862122451674202,,,,,,0.05862122451674202
ANSO_own_z_l2_v60_reversal_e0.5,16,ANSO,own_return_z,2.0,reversal,,0.5,23.62752971200002,169.15132727494932,2.2085788677192237,19.607752440818775,-437.380991,17.41421672787605,15.893980655567407,-6.651586220000135,1,14,0.04399523858480487,60.0,,,,,0.04399523858480487
MDGI_market_spread_z_w10_reversal_e1.0,22,MDGI,market_spread_z,,reversal,,1.0,13.714083680000035,148.44032061522137,1.4607803415946292,9.338010839655743,-579.3804289999998,8.417412086788943,9.222742714238947,-6.658694740000008,1,14,-0.10741012064847744,,10.0,,,,0.10741012064847744
ULXY_relative_return_w20_reversal_lag,40,ULXY,relative_return,20.0,reversal,True,0.0,21.55384038399994,303.01804164403814,1.1246727681189719,12.037329000480106,-846.6058790000025,32.44518384272237,35.25554159833754,-7.063360760000124,1,14,0.1488381974238748,,,,,,0.1488381974238748
ULXY_relative_return_w60_reversal_lag,40,ULXY,relative_return,60.0,reversal,True,0.0,45.80766844799994,300.2528159165424,2.412243264985301,39.089935320807896,-925.1994400000021,25.872490767038283,20.21717507445951,-7.1036508800000595,1,14,0.08537631466689716,,,,,,0.08537631466689716
MDGI_own_z_l20_v60_reversal_e0.5,22,MDGI,own_return_z,20.0,reversal,,0.5,27.613396904000027,195.00031008749107,2.2390022895784996,23.0212142717936,-574.0990930000016,17.072665849220254,20.693081960902944,-7.147956720000002,1,14,0.02690953059193708,60.0,,,,,0.02690953059193708
EAFC_own_z_l20_v60_reversal_e0.5,50,EAFC,own_return_z,20.0,reversal,,0.5,17.561339099999973,219.85251724604805,1.262979178364846,10.794267277603607,-587.5876980000003,18.813004671031763,22.54444162191998,-7.515967430000055,1,14,0.05578356776592208,60.0,,,,,0.05578356776592208
MSDP_lead10_ITPA_corr-1,43,ITPA,lead_lag,,momentum,,,13.847703372000058,153.76830671917793,1.4239047028685465,9.273737288196607,-437.4340080000002,20.470360094889493,22.816166838841006,-7.549431279999972,1,14,-0.017240199310170175,,,MSDP,10.0,-0.16317416499299106,0.017240199310170175
ULXY_own_z_l20_v60_reversal_e1.0,40,ULXY,own_return_z,20.0,reversal,,1.0,19.170239376000062,280.35681236256147,1.081151180311047,10.33149782567533,-846.6058790000025,11.807881181272712,10.613976576942234,-7.55379029000002,1,14,0.1313213115680877,60.0,,,,,0.1313213115680877
MTNS_own_z_l20_v60_reversal_e1.0,33,MTNS,own_return_z,20.0,reversal,,1.0,27.44326517199993,169.82854515178371,2.5550246661399023,23.797846129598273,-455.05041000000165,17.352410836348678,14.406755953907297,-7.5725351599999335,1,14,-0.005465985159881029,60.0,,,,,0.005465985159881029
EELT_own_z_l10_v40_reversal_e0.5,37,EELT,own_return_z,10.0,reversal,,0.5,25.646743440000023,329.5599865166879,1.2304607226987376,15.445311151684407,-854.5802619999995,21.414136173122692,16.482925051128117,-7.764149110000058,1,14,0.048089144576668526,40.0,,,,,0.048089144576668526
EELT_own_z_l10_v60_reversal_e0.5,37,EELT,own_return_z,10.0,reversal,,0.5,22.619927932,327.7404954430662,1.0912672338107257,12.295267834840088,-854.5802619999995,19.224628391562952,12.973097134075886,-7.764149110000058,1,14,0.05191627319281271,60.0,,,,,0.05191627319281271
NAYO_own_z_l10_v20_reversal_e1.0,35,NAYO,own_return_z,10.0,reversal,,1.0,37.06217923200003,282.6776590930296,2.0730485351857815,30.066055070695207,-709.6000660000009,14.08149184765302,10.638645515547804,-7.933721520000031,1,14,0.13006224541249284,20.0,,,,,0.13006224541249284
MTNS_own_z_l20_v60_reversal_e0.5,33,MTNS,own_return_z,20.0,reversal,,0.5,26.561984516000024,178.25727827409474,2.3560432162419045,22.507301373021615,-455.05041000000165,16.310246969406347,7.256047359692991,-8.094010860000033,1,14,0.010990582395007253,60.0,,,,,0.010990582395007253
EAFC_relative_return_w2_reversal_lag,50,EAFC,relative_return,2.0,reversal,True,0.0,18.233022452000114,230.24368981863063,1.2521055326799004,11.132295061310106,-447.0015400000011,7.667792917204663,4.831315234985854,-8.115673399999997,1,14,0.04203440444287175,,,,,,0.04203440444287175
MDGI_lead5_HUXZ_corr-1,8,HUXZ,lead_lag,,momentum,,,28.400721495999917,218.43124746965927,2.0558177495172574,22.966618823323344,-605.1093279999986,22.74404639949711,22.739767956638477,-8.132197010000272,1,14,-0.01667814135383362,,,MDGI,5.0,-0.1650514160501714,0.01667814135383362
BLBT_own_z_l2_v60_reversal_e0.5,41,BLBT,own_return_z,2.0,reversal,,0.5,14.798008735999968,107.56462153318958,2.175223218090823,12.216178367857141,-316.8151199999975,9.713166339136274,7.504475569602358,-8.321525820000007,1,14,0.121925220015519,60.0,,,,,0.121925220015519
BLBT_own_z_l2_v20_reversal_e0.5,41,BLBT,own_return_z,2.0,reversal,,0.5,14.680901407999926,107.53313014223932,2.1586410854145113,12.08697944644784,-316.8151199999975,9.922097526145077,8.66228384162789,-8.321525820000007,1,14,0.1299518070009422,20.0,,,,,0.1299518070009422
BLBT_own_z_l2_v40_reversal_e0.5,41,BLBT,own_return_z,2.0,reversal,,0.5,14.20472433999995,107.03303709761535,2.098383997469163,11.575785220192573,-316.8151199999975,9.198215254295814,7.504475569602358,-8.321525820000007,1,14,0.12151098431831044,40.0,,,,,0.12151098431831044
EAFC_own_z_l20_v40_reversal_e0.5,50,EAFC,own_return_z,20.0,reversal,,0.5,17.053189919999987,219.75733062900292,1.2269652476272714,10.246734923042867,-587.5876980000003,17.925019593630363,22.54444162191998,-8.786340380000055,1,14,0.05744363644117202,40.0,,,,,0.05744363644117202
MTNS_own_z_l20_v20_reversal_e0.5,33,MTNS,own_return_z,20.0,reversal,,0.5,25.802306956000034,178.78349539952896,2.2819236945062285,21.645455594704416,-455.05041000000165,16.532782467205852,8.210847271669124,-9.164900600000056,1,14,0.012004395846578338,20.0,,,,,0.012004395846578338
EELT_own_z_l10_v20_reversal_e0.5,37,EELT,own_return_z,10.0,reversal,,0.5,24.16963520800002,330.72322801678206,1.1555145057546305,13.81956127157713,-854.5802619999995,20.737427403939748,16.482925051128117,-9.182327090000076,1,14,0.05169357829667091,20.0,,,,,0.05169357829667091
NAYO_absolute_return_w40_reversal_cur,35,NAYO,absolute_return,40.0,reversal,False,0.0,22.51686795200001,334.1893656223032,1.065332949314215,11.9700009936395,-954.839030000001,10.438408768402354,5.612948593845681,-9.35008866999995,1,14,0.21428735347433084,,,,,,0.21428735347433084
MTNS_own_z_l20_v40_reversal_e0.5,33,MTNS,own_return_z,20.0,reversal,,0.5,27.008437060000023,178.04462169569035,2.3985048337174555,23.008861280867354,-455.05041000000165,16.416926338358056,6.898335880650449,-9.980819000000064,1,14,0.011492947088058413,40.0,,,,,0.011492947088058413
ANSO_own_z_l10_v40_reversal_e1.0,16,ANSO,own_return_z,10.0,reversal,,1.0,14.695443403999954,166.02939983666838,1.399483236958448,9.728338957253737,-714.5164999999997,8.567878207781067,8.338980502032994,-0.7141702399999486,2,13,0.0011767319036266259,40.0,,,,,0.0011767319036266259
CCNS_relative_return_w40_reversal_lag,32,CCNS,relative_return,40.0,reversal,True,0.0,20.474882007999998,213.1034466216157,1.5191509803087901,14.285039798046324,-475.1081470000008,14.502901869346383,10.473639392290393,-2.0489829300000384,2,13,-0.07621455974141587,,,,,,0.07621455974141587
ALUT_own_z_l20_v20_reversal_e0.5,26,ALUT,own_return_z,20.0,reversal,,0.5,19.682390452000014,183.2322952316227,1.6984228557087167,14.615668836895175,-584.3086779999976,9.25566539841291,6.5268510228676355,-2.324661879999967,2,13,-0.02707715328745727,20.0,,,,,0.02707715328745727
SRNA_market_spread_z_w10_momentum_e0.5,3,SRNA,market_spread_z,,momentum,,0.5,10.953960615999957,141.2082335243347,1.226538427745838,6.580068322371177,-462.9617269999999,13.356173874673768,20.33711831464464,-2.67861783999997,2,13,0.04981659473816634,,10.0,,,,0.04981659473816634
RTTH_own_z_l20_v40_reversal_e1.0,18,RTTH,own_return_z,20.0,reversal,,1.0,35.59668879199998,271.60350912371484,2.0722599296689097,28.873052133560684,-778.3852139999999,24.14167887765353,21.574622030231335,-2.7098228600000085,2,13,-0.05524212744927619,40.0,,,,,0.05524212744927619
BENI_relative_return_w40_reversal_lag,42,BENI,relative_return,40.0,reversal,True,0.0,9.389688468000037,111.02153394837707,1.3372541804414164,6.02209492341068,-300.2075870000026,7.218079882458963,4.652413346067074,-2.726088849999887,2,13,-0.021700160791862568,,,,,,0.021700160791862568
HUXZ_absolute_return_w40_momentum_lag,8,HUXZ,absolute_return,40.0,momentum,True,0.0,16.65742874399996,219.79564979668868,1.1982815592966136,9.819063280318971,-563.5,4.918058370836283,1.9963529937113351,-2.9674815800000034,2,13,0.0986200588224514,,,,,,0.0986200588224514
GARI_absolute_return_w5_reversal_lag,29,GARI,absolute_return,5.0,reversal,True,0.0,21.50831288000004,222.6299810477188,1.5275403835604124,15.055908620682303,-536.2391330000037,15.180916122263422,9.91362608403942,-3.006001770000003,2,13,0.005641462700481055,,,,,,0.005641462700481055
NPCK_own_z_l20_v40_momentum_e0.5,11,NPCK,own_return_z,20.0,momentum,,0.5,13.741697483999992,171.29180577054152,1.2684513065574363,8.474598114852974,-446.409021999998,10.800392641414218,11.19290070197921,-3.56461942999993,2,13,0.02481009067511838,40.0,,,,,0.02481009067511838
HTRK_absolute_return_w60_reversal_lag,44,HTRK,absolute_return,60.0,reversal,True,0.0,15.395286815999993,176.92287781876738,1.3758585709868354,10.073697800507743,-459.00117599999976,7.591216713776228,1.0312084434758781,-3.8202905599999757,2,13,0.016705742940149766,,,,,,0.016705742940149766
HUXZ_own_z_l5_v20_momentum_e0.5,8,HUXZ,own_return_z,5.0,momentum,,0.5,12.856218088000034,200.1644891993191,1.015538056139716,6.527213482422298,-508.27999999999975,11.676546129993692,9.15380434068997,-3.82856855,2,13,-0.09039487370731175,20.0,,,,,0.09039487370731175
BLBT_own_z_l20_v60_reversal_e1.0,41,BLBT,own_return_z,20.0,reversal,,1.0,10.438863303999984,118.15430584908138,1.3969268401422068,6.901949620380488,-317.79791999999725,4.735867227953681,4.682812024710401,-3.8567046999999364,2,13,-0.03353759040347428,60.0,,,,,0.03353759040347428
ANSO_absolute_return_w2_reversal_cur,16,ANSO,absolute_return,2.0,reversal,False,0.0,17.366277415999868,202.72608771453554,1.3544628550774687,11.239676305895582,-591.5826689999976,17.74499122290081,22.766805701243136,-3.933057420000314,2,13,0.035154244844026836,,,,,,0.035154244844026836
RTTH_own_z_l20_v60_reversal_e1.0,18,RTTH,own_return_z,20.0,reversal,,1.0,35.04437288,272.63838034982274,2.0323631128317525,28.21377662366639,-778.3852139999999,21.96079373230749,22.38493548768785,-3.936610500000007,2,13,-0.06342524700287196,60.0,,,,,0.06342524700287196
FARS_relative_return_w40_momentum_cur,48,FARS,relative_return,40.0,momentum,False,0.0,9.998524816000005,143.5690473559799,1.1011465299299075,5.4794659219963116,-338.01153199999953,5.8087426055497255,3.616329627945148,-3.948273189999982,2,13,0.08717430296832078,,,,,,0.08717430296832078
NAYO_market_spread_z_w20_reversal_e0.5,35,NAYO,market_spread_z,,reversal,,0.5,21.02771525599998,291.5093849026227,1.140537451661171,11.88851125145617,-709.6000660000009,15.328413235805995,17.58990496148764,-4.101408300000128,2,13,0.08151057137450239,,20.0,,,,0.08151057137450239
ACAC_own_z_l2_v20_reversal_e0.5,27,ACAC,own_return_z,2.0,reversal,,0.5,21.402048415999985,181.880395921404,1.8605419029603674,16.60512111707782,-440.7592590000004,16.822832979320754,11.135965897285656,-4.165420099999956,2,13,0.15094233000961768,20.0,,,,,0.15094233000961768
HUXZ_own_z_l5_v40_momentum_e1.0,8,HUXZ,own_return_z,5.0,momentum,,1.0,14.254241404000052,181.95162538438976,1.2386772874188274,8.629760910643602,-489.8399999999983,13.145686166724097,15.252411944227962,-4.268183359999984,2,13,-0.11286462653900524,40.0,,,,,0.11286462653900524
NPCK_absolute_return_w5_momentum_lag,11,NPCK,absolute_return,5.0,momentum,True,0.0,17.520812967999916,176.38775213876423,1.5705647009183192,12.466742237012275,-388.40617399999974,13.634700614737758,10.217036486750985,-4.355984630000101,2,13,0.07728002848577065,,,,,,0.07728002848577065
NAYO_own_z_l10_v40_reversal_e1.0,35,NAYO,own_return_z,10.0,reversal,,1.0,36.77359591200005,281.2073083294266,2.067661781754769,29.80259577210781,-709.6000660000009,13.298185851835148,12.077907452046524,-4.5852182700000546,2,13,0.1404194703733751,40.0,,,,,0.1404194703733751
NAYO_own_z_l10_v60_reversal_e1.0,35,NAYO,own_return_z,10.0,reversal,,1.0,35.78470774400006,281.15696778340725,2.012420015172466,28.69839451185595,-709.6000660000009,13.17202828732303,13.479445832850073,-4.5852182700000546,2,13,0.14739341599881942,60.0,,,,,0.14739341599881942
ACAC_own_z_l2_v60_reversal_e0.5,27,ACAC,own_return_z,2.0,reversal,,0.5,19.876548360000005,182.4340372780983,1.7226819561162667,14.866874393386249,-440.7592590000004,14.364400268063807,10.567878265435283,-4.647478940000019,2,13,0.14691837384815748,60.0,,,,,0.14691837384815748
ILVX_relative_return_w20_momentum_cur,46,ILVX,relative_return,20.0,momentum,False,0.0,15.11324783999996,139.3965229900427,1.7142567472946852,11.27610889044393,-337.1129979999987,13.133858019056964,13.136638466773913,-4.6970591700000845,2,13,-0.038009416025122596,,,,,,0.038009416025122596
FARS_relative_return_w40_momentum_lag,48,FARS,relative_return,40.0,momentum,True,0.0,12.200447879999942,143.3572915209044,1.345631023216791,7.859768087537709,-338.01153199999953,5.929034778470172,1.8824483235785114,-4.810748729999959,2,13,0.0696240741848013,,,,,,0.0696240741848013
SRNA_market_spread_z_w40_momentum_e1.0,3,SRNA,market_spread_z,,momentum,,1.0,14.325564056000028,121.66312882920607,1.8617559658191647,11.1179666211131,-427.7076699999998,13.066817602749852,11.46705555476163,-4.861751180000014,2,13,0.145933815693477,,40.0,,,,0.145933815693477
HTRK_market_spread_z_w20_reversal_e0.5,44,HTRK,market_spread_z,,reversal,,0.5,10.435250148000007,151.96778004599673,1.085728777879798,5.645817101373663,-415.47999999999956,5.319906469411132,4.294219298783251,-5.268562049999857,2,13,0.05245212412161781,,20.0,,,,0.05245212412161781
BLBT_own_z_l20_v40_reversal_e1.0,41,BLBT,own_return_z,20.0,reversal,,1.0,9.904747455999983,119.07914519582486,1.3151573081168089,6.276154671037026,-317.79791999999725,4.513931172704267,4.682812024710401,-5.6183238199999685,2,13,-0.035159783629856924,40.0,,,,,0.035159783629856924
BLBT_own_z_l20_v20_reversal_e1.0,41,BLBT,own_return_z,20.0,reversal,,1.0,9.862211096,119.10364459146449,1.309239945415596,6.228528645045716,-317.79791999999725,4.544137857029806,4.682812024710401,-5.6183238199999685,2,13,-0.035117462338747685,20.0,,,,,0.035117462338747685
NPCK_own_z_l20_v60_momentum_e0.5,11,NPCK,own_return_z,20.0,momentum,,0.5,12.89258240399999,171.88242074686778,1.185982985953264,7.535306563876237,-446.409021999998,9.520634263830043,8.339393115956682,-5.687407129999937,2,13,0.02521910950582543,60.0,,,,,0.02521910950582543
NPCK_own_z_l20_v20_momentum_e0.5,11,NPCK,own_return_z,20.0,momentum,,0.5,12.346116051999987,172.1410841134945,1.1340072354646342,6.945300190213297,-446.409021999998,9.981645198613041,9.508410223860496,-5.687407129999937,2,13,0.0187649382561593,20.0,,,,,0.0187649382561593
ITPA_absolute_return_w5_reversal_lag,43,ITPA,absolute_return,5.0,reversal,True,0.0,10.103009220000057,154.58836656188126,1.033341675943398,5.217123952849182,-419.6525939999992,7.256308205654814,5.035735009036765,-6.026489199999942,2,13,-0.06447110344478237,,,,,,0.06447110344478237
NPCK_own_z_l20_v60_momentum_e1.0,11,NPCK,own_return_z,20.0,momentum,,1.0,17.022763483999984,165.82431678821158,1.62312457311478,12.339146165094789,-388.40617400000156,11.45833750940408,9.230306216579015,-6.102553589999953,2,13,0.047914361616232325,60.0,,,,,0.047914361616232325
NPCK_own_z_l20_v20_momentum_e1.0,11,NPCK,own_return_z,20.0,momentum,,1.0,15.584467907999981,166.9730003635479,1.4757599912494084,10.680403262729365,-388.40617400000156,11.349190174594828,10.186627704681355,-6.102553589999953,2,13,0.03855298685788888,20.0,,,,,0.03855298685788888
NPCK_own_z_l20_v40_momentum_e1.0,11,NPCK,own_return_z,20.0,momentum,,1.0,14.88805010799999,168.51255020640608,1.396932994080521,9.843684657188456,-446.409021999998,11.803991355407106,10.186627704681355,-6.102553589999953,2,13,0.03251845841627386,40.0,,,,,0.03251845841627386
SPLZ_market_spread_z_w10_reversal_e1.0,19,SPLZ,market_spread_z,,reversal,,1.0,12.510633404000021,170.90401002638544,1.1574361690494466,7.16342846706515,-733.5299999999997,7.511583145357596,5.195784257819303,-6.160455189999958,2,13,0.12646580524528667,,10.0,,,,0.12646580524528667
MDGI_market_spread_z_w10_reversal_e0.5,22,MDGI,market_spread_z,,reversal,,0.5,13.108686167999961,186.4548563763892,1.1116177456795315,7.245322892591351,-579.3804289999998,8.011069094944085,6.642902858159094,-6.203334070000055,2,13,-0.07567973397813221,,10.0,,,,0.07567973397813221
HTRK_relative_return_w60_reversal_lag,44,HTRK,relative_return,60.0,reversal,True,0.0,13.274918520000021,177.18279340447603,1.1846234464912513,7.751372626877254,-461.00037599999996,3.2535357954189563,2.6313933953347037,-6.33280512000003,2,13,-0.0685164733348922,,,,,,0.0685164733348922
MTNS_market_spread_z_w60_reversal_e1.0,33,MTNS,market_spread_z,,reversal,,1.0,18.961117047999963,144.0328706309356,2.081480310364991,15.405392209698807,-391.51723499999935,9.36719200660491,12.813459148288153,-6.5956499599999105,2,13,0.03953259626076996,,60.0,,,,0.03953259626076996
FWWG_relative_return_w40_reversal_lag,36,FWWG,relative_return,40.0,reversal,True,0.0,14.397490215999955,145.7179822311986,1.562225230387579,10.21283951645682,-429.06883000000016,8.925794404502376,4.873683618643835,-6.687430680000107,2,13,-0.10046434173420676,,,,,,0.10046434173420676
AENO_absolute_return_w2_reversal_lag,1,AENO,absolute_return,2.0,reversal,True,0.0,19.667370155999983,185.38938594516458,1.6773798823891948,14.510208080039062,-492.8489609999997,16.65659452513109,20.055161234938627,-6.888249499999819,2,13,0.10412219564201783,,,,,,0.10412219564201783
RRES_absolute_return_w10_momentum_lag,24,RRES,absolute_return,10.0,momentum,True,0.0,29.887055851999982,241.20052467605308,1.9591824929883215,23.70999725659383,-607.5654569999997,13.637362704532297,15.281480990408822,-6.910252799999926,2,13,-0.12247426891515581,,,,,,0.12247426891515581
NAYO_relative_return_w60_reversal_cur,35,NAYO,relative_return,60.0,reversal,False,0.0,26.51634302400003,333.83837389070874,1.255877779970379,16.22764029627204,-952.839578000001,8.709511364726344,6.123425200528092,-7.038053760000021,2,13,0.1082788630177876,,,,,,0.1082788630177876
HUXZ_own_z_l5_v60_momentum_e1.0,8,HUXZ,own_return_z,5.0,momentum,,1.0,11.673735308000055,178.08072278519273,1.0364847973954008,6.045942235509235,-489.8399999999983,11.908478602050328,11.576960756728917,-7.10124759999997,2,13,-0.12079753188298116,60.0,,,,,0.12079753188298116
CCNS_lead3_CUBO_corr-1,14,CUBO,lead_lag,,momentum,,,10.304952092000036,158.87718951548644,1.0255443178789587,5.282412039919142,-463.709627000002,17.48855184881165,18.642601529281656,-7.412003949999998,2,13,0.007274542362497146,,,CCNS,3.0,-0.19776052613118908,0.007274542362497146
LSST_absolute_return_w40_reversal_lag,2,LSST,absolute_return,40.0,reversal,True,0.0,21.13160369999999,215.16867591385224,1.5528282176815544,14.936969504267505,-603.8489979999995,8.151677444627774,0.5729779892083102,-7.76853241999992,2,13,-0.23506051241335885,,,,,,0.23506051241335885
CCNS_absolute_return_w5_reversal_lag,32,CCNS,absolute_return,5.0,reversal,True,0.0,23.038258536000022,212.80435470155524,1.711745288289533,17.176213531550225,-820.5217779999984,11.063955601682393,8.182426697037549,-7.823182210000032,2,13,-0.08833127278021943,,,,,,0.08833127278021943
NWIG_lead2_SPLZ_corr-1,19,SPLZ,lead_lag,,momentum,,,18.759187863999905,242.18606251552896,1.2247145869805156,11.255290061432227,-733.5299999999997,29.540456716990434,32.61739779963155,-7.975958370000098,2,13,0.035905076904510405,,,NWIG,2.0,-0.18203134564814596,0.035905076904510405
MTNS_market_spread_z_w40_reversal_e1.0,33,MTNS,market_spread_z,,reversal,,1.0,13.273907160000016,142.81769052202583,1.469558145135511,9.072773357435777,-391.51723499999935,4.5086955340053265,6.219746527337006,-8.525762059999936,2,13,-0.027944725450124143,,40.0,,,,0.027944725450124143
CUBO_relative_return_w60_momentum_cur,14,CUBO,relative_return,60.0,momentum,False,0.0,14.813322644000033,158.85435721208066,1.4744272707436092,10.146144828781724,-415.5475180000021,4.790737923455904,3.076117121196903,-8.650811749999994,2,13,-0.04119618064426598,,,,,,0.04119618064426598
EAFC_own_z_l20_v20_reversal_e0.5,50,EAFC,own_return_z,20.0,reversal,,0.5,16.502108703999987,219.96949874504062,1.1861701280870391,9.64622518382285,-587.5876980000003,17.003204602346816,20.270570857314137,-8.786340380000055,2,13,0.05800298886707382,20.0,,,,,0.05800298886707382
EORC_relative_return_w10_momentum_cur,13,EORC,relative_return,10.0,momentum,False,0.0,26.72529570400004,232.45614350376607,1.817822585635042,20.516577762346024,-715.9263640000036,9.221655724720359,2.709055529422683,-8.917344510000039,2,13,-0.0410266279577771,,,,,,0.0410266279577771
ANSO_own_z_l2_v20_reversal_e0.5,16,ANSO,own_return_z,2.0,reversal,,0.5,22.261652643999952,168.57383858536127,2.088032384660386,18.108265664607618,-437.380991,16.78124608756138,12.871644261342837,-8.979989110000133,2,13,0.05765021638859668,20.0,,,,,0.05765021638859668
CUBO_relative_return_w5_momentum_cur,14,CUBO,relative_return,5.0,momentum,False,0.0,12.148653396000052,159.0580781909144,1.2076536970724614,7.2070174791638895,-461.7123290000018,8.947387407449664,8.113360942774994,-9.064448589999738,2,13,-0.0368698473816626,,,,,,0.0368698473816626
RTTH_own_z_l20_v20_reversal_e0.5,18,RTTH,own_return_z,20.0,reversal,,0.5,38.109809027999994,291.5600134266401,2.0667065470699444,30.88009664390508,-778.3852139999999,24.68863705511024,21.504923624973262,-9.082659150000037,2,13,-0.05869859579453476,20.0,,,,,0.05869859579453476
OTCS_lead2_SPLZ_corr-1,19,SPLZ,lead_lag,,momentum,,,22.12705336400002,241.54715976824806,1.448410459586137,14.9844392169083,-657.1768040000006,10.992272041949034,6.210959106750552,-9.12106589000001,2,13,0.06890514579162671,,,OTCS,2.0,-0.18333212781007835,0.06890514579162671
DUCT_own_z_l20_v20_reversal_e1.0,9,DUCT,own_return_z,20.0,reversal,,1.0,16.46081545199996,182.9391475320359,1.422704480540405,11.017582569892218,-793.5014480000009,7.932014657542909,5.7487463760028366,-9.513630780000131,2,13,0.0930580852004116,20.0,,,,,0.0930580852004116
RTTH_own_z_l20_v60_reversal_e0.5,18,RTTH,own_return_z,20.0,reversal,,0.5,41.09830588399998,294.3842409027949,2.2073915058967732,34.09996357834866,-778.3852139999999,26.621358416451564,26.4406789661049,-9.718719739999997,2,13,-0.06141585987390087,60.0,,,,,0.06141585987390087
ANSO_own_z_l10_v40_reversal_e0.5,16,ANSO,own_return_z,10.0,reversal,,0.5,18.11988009199995,185.51623249888678,1.544341733551673,12.766873834558105,-714.5164999999997,7.13980569677845,4.716296652238036,-9.913777710000003,2,13,0.001989550154406171,40.0,,,,,0.001989550154406171
